0.5021998882293701,0.4990987777709961,445664,0.0,0,0,2.201,2.201,2.201,1.2,2.201,1.2,2.201,2.201,1.2,2.201,2.201,2.201,2.201,2.201,2.201,2.201,1.2,2.201,2.201,2.201
1.0027165412902832,0.49843287467956543,6208,47.6302490234375,12900.531530300415,130.33734081350738,2.201,2.201,2.201,2.201,2.201,2.201,2.201,2.201,2.201,2.201,2.201,2.201,2.201,2.201,2.201,2.201,1.2,2.201,2.201,2.201
1.5032668113708496,0.4981112480163574,8288,51.486236572265625,15649.42838084954,160.9750595844588,2.201,2.201,2.201,1.2,2.201,2.201,2.201,2.201,1.2,2.201,2.201,2.201,2.201,2.201,2.201,2.201,1.2,2.201,2.201,2.201
2.0037825107574463,0.4985074996948242,7232,51.78831481933594,15644.578315144965,139.64540119192728,2.201,2.201,2.201,1.2,2.201,2.201,2.201,2.201,1.2,2.201,2.201,2.201,2.201,1.2,2.201,2.201,1.2,2.201,1.2,2.201
2.5043015480041504,0.4986889362335205,8096,51.522308349609375,15327.637214893926,157.13581668476198,2.201,2.201,2.201,2.1,2.201,2.201,2.201,2.201,1.2,2.201,2.201,2.201,2.201,1.2,2.201,2.201,1.2,2.201,1.2,2.201
3.00482177734375,0.4986884593963623,7680,51.49320983886719,15514.117455492507,149.1458781465031,2.201,2.201,2.201,2.201,1.2,2.201,2.201,2.201,1.2,2.201,2.201,2.201,2.201,1.2,2.201,2.201,1.2,2.201,1.2,2.201
3.50537371635437,0.49839138984680176,7552,51.29722595214844,15181.728269356183,147.22043657964522,2.201,2.201,2.201,2.201,1.2,2.201,2.201,2.201,1.2,2.201,2.201,2.201,2.201,1.2,2.201,2.201,1.2,2.201,1.2,2.201
4.005921840667725,0.49904370307922363,7328,51.27842712402344,15808.079715290549,142.90609932859863,2.201,2.201,2.201,2.201,1.9,2.201,2.201,1.2,1.2,2.201,2.201,2.201,2.201,1.2,2.201,2.201,1.2,2.201,1.2,2.201
4.506441831588745,0.49898672103881836,7104,47.719970703125,13085.763157957173,148.86849038938715,2.201,2.201,2.201,2.201,2.201,2.201,2.201,2.201,1.8,2.201,2.201,2.201,2.201,1.2,2.201,2.201,1.2,2.201,1.2,2.201
5.006963729858398,0.4983634948730469,7040,48.774017333984375,13601.872312484242,144.3391458159573,2.201,2.201,2.201,2.201,2.201,2.201,2.201,2.201,2.201,2.201,2.201,2.201,2.201,2.201,2.201,2.201,1.2,2.201,1.2,2.201
5.507526397705078,0.49831247329711914,7616,51.47328186035156,15203.484544955987,147.96025675344382,2.201,2.201,1.9,2.201,2.201,2.201,2.201,2.201,1.9,2.201,2.201,2.201,2.201,2.201,1.2,1.2,1.2,2.201,1.2,2.201
6.008051633834839,0.49823880195617676,7328,50.895599365234375,15385.6914949241,143.98101390678562,2.201,2.201,2.201,2.201,1.2,2.201,2.201,2.201,1.4,2.201,2.201,2.201,2.201,2.201,2.201,1.2,1.2,2.201,1.2,2.201
6.50860071182251,0.4980740547180176,7456,50.54296875,14652.206479534447,147.51804621686375,2.201,2.201,1.2,1.2,1.2,2.201,2.201,2.1,1.9,2.201,2.201,2.201,2.201,2.201,2.201,1.2,1.2,2.201,1.2,2.201
7.0091233253479,0.4991030693054199,7808,51.29579162597656,15762.34757172071,152.21521595635093,2.201,2.201,2.201,1.2,2.201,2.201,2.201,2.201,1.2,2.201,2.201,2.201,2.201,2.201,2.201,1.2,1.2,2.201,1.2,2.201
7.509629726409912,0.498610258102417,7744,51.51249694824219,15675.535874779296,150.33245248780852,2.201,2.201,1.2,2.201,2.201,2.201,2.201,2.201,2.201,2.201,2.201,2.201,2.201,2.201,2.201,1.2,1.2,2.201,1.2,2.201
8.010101318359375,0.49849772453308105,8160,51.47032165527344,15443.623614610855,158.5379639679007,2.201,2.201,1.2,1.2,2.201,2.201,2.201,1.2,1.2,2.201,2.201,2.201,2.201,2.201,2.201,1.2,1.2,2.201,1.2,2.201
8.510650396347046,0.4983973503112793,7072,51.51161193847656,15036.72927116821,137.28943307863318,2.201,2.201,2.201,1.2,2.201,2.201,2.201,1.2,2.201,2.201,2.201,2.201,2.201,2.201,2.201,1.2,1.2,2.201,1.2,2.201
9.011168003082275,0.4990367889404297,7712,50.90077209472656,15334.209554136605,151.51047189712435,2.201,2.201,2.201,1.2,2.201,2.201,2.201,2.201,1.2,2.201,2.201,2.201,2.201,2.201,2.201,1.2,1.2,2.201,1.2,2.201
9.511427164077759,0.4983701705932617,8160,51.35054016113281,15435.89889894418,158.9077734020858,2.201,2.201,2.201,2.201,2.201,2.201,2.201,2.201,2.201,2.201,2.201,2.201,2.201,2.201,2.201,1.2,1.2,2.201,1.2,2.201
10.011977672576904,0.4985165596008301,7776,51.07475280761719,15704.401410481716,152.2474328811691,2.201,2.201,2.0,1.8,2.201,2.201,2.201,2.201,1.2,2.201,2.201,2.201,2.201,2.201,2.201,1.2,1.2,2.201,1.2,2.201
10.512497901916504,0.49860477447509766,7488,51.50419616699219,15118.754173218342,145.38621233348906,2.201,2.201,2.201,2.201,2.201,2.201,2.201,2.201,1.2,2.201,2.201,2.201,2.201,2.201,2.201,1.2,1.2,2.201,1.2,2.201
11.013053178787231,0.4983501434326172,7872,51.52738952636719,15903.063062905223,152.77311876961673,2.201,2.201,2.201,2.201,2.201,2.201,1.2,2.201,1.2,2.201,2.201,2.201,2.201,2.201,2.201,1.2,1.2,2.201,1.2,2.201
11.513573169708252,0.49901700019836426,7488,51.422393798828125,15032.459730664359,145.6174916573146,2.201,2.201,2.201,1.2,2.201,2.201,1.2,2.201,2.201,2.201,2.201,2.201,2.201,2.201,2.201,1.2,1.2,2.201,1.2,2.201
12.014128923416138,0.49849581718444824,7840,51.297149658203125,15821.662802851442,152.8350025730187,2.201,2.201,2.201,2.201,2.201,2.201,1.2,2.201,1.2,2.201,2.201,2.201,2.201,2.201,2.201,1.2,1.2,2.201,1.2,2.201
12.514649629592896,0.49828672409057617,7648,51.38287353515625,15452.590687474813,148.8433688856896,2.201,2.201,2.201,1.2,2.201,2.201,1.2,2.201,1.2,2.201,2.201,2.201,2.201,2.201,2.201,1.2,1.2,2.201,1.2,2.201
13.015194416046143,0.4985005855560303,8096,51.578125,15325.730288935765,156.96576794910632,2.201,2.201,2.201,1.2,2.201,2.201,1.2,2.201,1.3,2.201,2.201,2.201,2.201,2.201,2.201,2.201,1.2,2.201,1.2,2.201
13.515718221664429,0.49831628799438477,7328,50.907562255859375,15815.02064405088,143.94717946166358,2.201,2.201,2.201,2.201,2.201,2.201,1.2,2.201,1.2,2.1,2.201,2.201,2.201,2.201,2.201,2.201,1.2,2.201,1.2,2.201
14.016237497329712,0.4984152317047119,7648,50.76214599609375,14648.64106947446,150.66344911006183,2.201,2.201,2.201,1.5,2.201,2.201,1.2,2.201,1.2,2.201,2.201,2.201,2.201,2.201,2.201,2.201,1.2,2.201,1.2,2.201
14.516756772994995,0.49868011474609375,7712,51.47859191894531,15571.290315546494,149.80984740497158,2.201,2.201,2.201,2.201,2.201,2.201,2.201,2.201,1.2,1.2,2.201,2.201,2.201,2.201,2.201,1.2,1.2,2.201,1.2,2.201
15.017321825027466,0.49870753288269043,7616,51.58213806152344,15394.222172145677,147.64800929570208,2.201,2.201,2.201,1.2,2.201,2.201,2.201,2.201,1.2,1.2,2.201,2.201,2.201,2.201,2.201,1.2,1.2,2.201,1.2,2.201
15.517839431762695,0.49817395210266113,7712,51.277801513671875,15577.783834331767,150.39646342762566,2.201,2.201,2.201,1.2,2.201,2.201,2.201,2.201,1.2,1.2,2.201,2.201,2.201,2.201,2.201,1.2,1.2,2.201,1.2,2.201
16.0183584690094,0.49849677085876465,8288,51.63145446777344,15611.744220533275,160.52230341822118,2.201,2.201,2.201,2.201,2.201,2.201,2.201,2.201,1.2,2.201,2.201,2.201,2.201,2.201,2.201,1.2,1.2,2.201,1.2,2.201
16.518879890441895,0.49822115898132324,7488,51.05119323730469,14968.308955946282,146.67629736278695,2.201,2.201,2.201,2.201,2.201,2.201,2.201,1.9,1.2,2.1,2.201,2.0,2.0,2.0,2.0,1.2,1.2,2.0,1.2,2.0
17.019429206848145,0.49822163581848145,7296,49.99885559082031,14891.648290914638,145.9233399201947,2.201,2.201,1.9,2.201,2.201,2.201,1.9,2.201,1.2,2.201,2.201,2.201,2.201,2.201,2.201,1.2,1.2,2.201,1.2,2.201
17.519975900650024,0.49834227561950684,7296,50.3740234375,15187.103638084684,144.83655467886706,2.201,2.201,2.201,2.201,2.201,2.201,2.201,2.201,2.201,2.201,1.2,2.201,2.201,2.201,2.201,1.3,1.2,2.201,1.2,2.201
18.020495891571045,0.4990103244781494,6944,50.938140869140625,14794.1241385224,136.3222112451854,2.201,2.201,2.201,2.201,2.201,2.201,2.201,2.201,2.201,2.201,1.2,2.201,2.201,2.201,2.201,1.3,1.2,2.201,1.2,2.201
18.521018505096436,0.4983639717102051,8032,51.517974853515625,15111.171163839994,155.90674949545092,2.201,2.201,2.201,2.201,2.201,2.201,2.201,2.201,2.201,2.201,1.2,2.201,2.201,2.201,2.201,1.2,1.2,2.201,1.2,2.201
19.02155375480652,0.498455286026001,8544,51.116455078125,16113.532852280556,167.14774111275094,2.201,2.201,2.201,1.5,2.201,2.201,1.4,2.201,2.201,2.201,2.201,2.201,2.201,2.201,2.201,1.2,1.2,2.201,1.2,2.201
19.522021055221558,0.49908947944641113,7552,51.59608459472656,15187.914364426038,146.36769552028878,2.201,2.201,2.201,2.201,2.201,2.201,2.201,2.201,2.201,2.201,2.201,2.201,2.201,2.201,2.201,1.2,1.2,2.201,1.2,2.201
20.02252507209778,0.4984457492828369,7584,51.645904541015625,15289.36624024167,146.84610652867963,2.201,2.201,2.201,2.201,2.201,2.201,2.201,2.201,1.3,1.3,2.201,2.201,2.201,2.201,2.201,1.2,1.2,2.201,1.2,2.201
20.523024082183838,0.4985792636871338,7680,51.848846435546875,15502.807477880795,148.12287115291912,2.201,2.201,2.201,2.201,2.201,2.201,2.201,2.201,2.201,2.201,2.201,2.201,2.201,2.201,2.201,1.2,1.2,2.201,1.2,2.201
21.023539304733276,0.49840545654296875,7680,51.717864990234375,15471.716310893125,148.49800937161996,2.201,2.201,2.201,2.201,2.201,2.201,2.201,2.201,2.201,2.201,2.201,2.201,2.201,2.201,2.201,1.2,1.2,2.201,1.2,2.201
21.524025917053223,0.4985675811767578,7776,51.81428527832031,15634.39127029919,150.07444295007127,2.201,2.201,2.201,2.201,2.201,2.201,2.201,2.201,1.9,2.201,2.201,2.201,2.201,2.201,2.201,1.2,1.2,2.201,2.201,2.201
22.024540424346924,0.49857425689697266,7776,51.94282531738281,15685.266132691117,149.70306202034297,2.201,2.201,2.201,2.201,2.201,2.201,2.201,2.201,2.201,2.201,2.201,2.201,2.201,2.201,2.201,1.2,1.2,2.201,2.201,2.201
22.525078296661377,0.4984927177429199,8000,51.27378845214844,15106.837063401896,156.02513957918376,2.201,2.201,2.201,2.201,2.201,2.201,2.201,2.201,1.2,2.201,2.201,2.201,2.201,2.201,2.201,1.2,1.2,2.201,2.201,2.201
23.025583267211914,0.4990689754486084,7680,51.990966796875,15519.606744503879,147.7179685849123,2.201,2.201,2.201,2.201,2.201,2.201,2.201,2.201,2.201,2.201,2.201,2.201,2.201,2.201,2.201,1.2,1.2,2.201,2.201,2.201
23.526116132736206,0.49861574172973633,7744,51.91328430175781,15647.501299366048,149.17183730827418,2.201,2.201,2.201,2.201,2.201,2.201,2.201,2.201,1.3,1.2,2.201,2.201,2.201,2.201,2.201,1.2,1.2,2.201,2.201,2.201
24.02661943435669,0.49832797050476074,7296,51.6221923828125,15788.956217134571,141.33456297042486,2.201,2.201,2.201,2.201,2.201,2.201,2.201,2.201,1.2,1.2,2.201,2.201,2.201,2.201,2.201,1.2,1.2,2.201,2.201,2.201
24.52714204788208,0.4984323978424072,8000,51.712432861328125,15151.584318781037,154.70167534861048,2.201,2.201,2.201,2.201,2.201,2.201,2.201,2.201,1.2,1.2,2.201,2.201,2.201,1.2,2.201,1.2,1.2,2.201,2.201,2.201
25.027647733688354,0.49880409240722656,7744,51.51145935058594,15645.626792071322,150.33548064120052,2.201,2.201,2.201,2.201,1.8,2.201,2.201,2.201,1.2,1.2,2.201,2.201,2.201,1.2,2.201,1.2,1.2,2.201,2.201,2.201
25.528136491775513,0.49860262870788574,8160,51.84461975097656,15454.299141006726,157.39338120704986,2.201,2.201,2.201,2.201,2.201,2.201,2.201,2.201,1.2,1.2,2.201,2.201,2.201,1.2,2.201,1.2,1.2,2.201,2.201,2.201
26.02863883972168,0.4986894130706787,7808,51.55555725097656,15740.596311335716,151.44827088164394,2.201,2.201,1.2,2.201,2.201,1.2,2.201,2.201,1.2,2.201,2.201,2.201,2.201,1.2,2.201,1.2,1.2,2.201,2.201,2.201
26.529128789901733,0.49866247177124023,7104,51.83399963378906,15370.876292222816,137.05290060945077,2.201,2.201,2.201,2.201,2.201,2.201,2.201,2.201,1.2,2.201,2.201,2.201,2.201,1.2,2.201,1.2,1.2,2.201,2.201,2.201
27.029690742492676,0.49852633476257324,8160,51.84962463378906,15444.962881135869,157.3781885140657,2.201,2.201,2.201,2.201,2.1,2.201,2.201,2.201,1.2,2.201,2.201,2.201,2.201,1.2,2.201,1.2,1.2,2.201,2.201,2.201
27.53020453453064,0.4987294673919678,7296,51.80976867675781,15789.66733485299,140.8228638409851,2.201,2.201,2.201,2.201,2.201,2.201,2.201,2.201,1.2,2.201,2.201,2.201,2.201,1.3,2.201,1.3,1.2,2.201,2.201,2.201
28.030738592147827,0.4986083507537842,8160,51.843292236328125,15455.717934333867,157.39741146844156,2.201,2.201,2.201,2.201,2.201,2.201,2.201,2.201,1.2,2.201,2.201,2.201,2.201,1.3,2.201,1.2,1.2,2.201,2.201,2.201
28.531241416931152,0.4983658790588379,7200,51.5531005859375,15579.34661306718,139.6618228228157,2.201,2.201,2.201,2.201,2.201,2.201,2.201,2.201,1.2,2.201,2.201,2.201,2.201,1.3,2.201,1.2,1.2,2.201,2.201,2.201
29.031748056411743,0.4986591339111328,8576,51.74864196777344,15275.90673089862,165.72415572452547,2.201,2.201,2.201,2.201,2.201,2.201,2.201,2.201,1.2,2.201,2.201,2.201,2.201,1.3,2.201,1.2,1.2,2.201,2.201,2.201
29.53225350379944,0.4986240863800049,7712,51.473602294921875,15584.617077634095,149.82436931096285,2.201,2.201,2.201,2.201,2.201,2.201,2.201,2.201,1.2,2.201,2.201,2.201,2.201,1.3,2.201,1.2,1.2,2.201,2.201,2.201
30.032756567001343,0.4986569881439209,7104,51.80906677246094,15372.730111617795,137.11885665109344,2.2,2.201,2.201,2.201,2.201,2.201,2.201,2.201,1.2,2.201,2.201,2.201,2.201,1.2,2.201,1.2,1.2,2.201,2.201,2.201
30.533259630203247,0.4987003803253174,8256,51.75117492675781,15631.507753751554,159.53260987184382,2.201,2.201,2.201,2.201,2.201,2.201,2.201,2.201,1.2,2.201,2.201,2.201,2.201,1.2,2.201,1.2,1.2,2.201,2.201,2.201
31.03376531600952,0.49865198135375977,7744,51.87005615234375,15634.801294323326,149.29615609544868,2.201,2.201,2.201,2.201,2.201,2.201,2.201,2.201,1.2,2.201,2.201,2.201,2.201,1.2,2.201,1.2,1.2,2.201,2.201,2.201
31.53427004814148,0.49861598014831543,7552,51.72142028808594,15250.830274340564,146.01300501679395,2.201,2.201,2.201,2.201,2.201,2.201,2.201,2.201,1.2,2.201,2.201,2.201,2.201,1.2,2.201,1.2,2.201,2.201,2.201,2.201
32.03482127189636,0.4986236095428467,8128,51.62397766113281,15384.469601222565,157.44621720847155,2.201,2.201,2.201,2.201,2.201,2.201,2.201,2.201,1.2,1.2,2.201,2.201,2.201,2.201,2.201,1.2,2.201,2.201,2.201,2.201
32.53532934188843,0.49829769134521484,7168,51.699066162109375,15493.859925512936,138.64853917329515,2.201,2.201,2.201,2.201,2.201,2.201,2.201,2.201,1.2,1.2,2.201,2.201,2.201,2.201,2.201,1.2,2.201,2.201,2.201,2.201
33.03588151931763,0.4978172779083252,8032,51.002532958984375,14933.466853955224,157.48237458047893,2.201,1.6,1.6,1.6,2.201,1.2,1.6,1.6,1.2,1.2,1.7,2.201,1.7,1.7,1.7,1.2,1.7,1.7,1.7,1.7
33.536391735076904,0.49838805198669434,7488,51.5003662109375,16015.22619373029,145.39702434989132,2.201,2.201,2.201,2.201,2.201,2.201,2.201,2.201,1.2,2.201,2.201,2.201,2.201,2.201,2.201,1.2,2.201,2.201,2.201,2.201
34.03694534301758,0.4986610412597656,8256,51.47599792480469,15507.002214593693,160.38542879849035,2.201,2.201,2.201,1.2,2.201,2.201,2.201,2.201,1.4,1.2,2.201,2.201,2.201,2.201,2.201,1.2,2.201,2.201,2.201,2.201
34.53745222091675,0.49887895584106445,6976,51.62493896484375,14998.573702615839,135.12848905740327,2.201,2.201,2.201,1.2,2.201,2.201,2.201,2.201,1.2,2.201,2.201,2.201,2.201,2.201,2.201,1.2,2.201,2.201,2.201,2.201
35.03797245025635,0.49848079681396484,8128,51.45008850097656,15317.643984608496,157.97834827525563,2.201,2.201,2.201,2.1,2.201,1.2,1.9,2.201,1.2,2.201,2.201,1.2,2.201,2.201,2.201,1.2,2.201,2.201,2.201,2.201
35.5384783744812,0.49861955642700195,7744,51.42869567871094,15523.171154643105,150.57741398651982,2.201,2.201,2.201,1.2,2.201,1.2,2.201,2.201,1.2,2.201,2.201,1.2,2.201,2.201,2.201,1.2,2.201,2.201,2.201,2.201
36.03898644447327,0.4985964298248291,7680,51.28553771972656,15420.746297210118,149.7498191784767,2.201,2.201,2.201,2.1,2.201,2.201,2.0,2.201,1.2,2.201,2.201,1.2,2.201,2.201,2.201,1.2,2.201,2.201,2.201,2.201
36.53945541381836,0.49857473373413086,7168,51.59074401855469,15466.460106485085,138.9396516053736,2.201,2.201,2.201,2.201,2.201,2.201,2.201,2.201,1.2,2.201,2.201,1.2,2.201,2.201,2.201,1.2,2.201,2.201,2.201,2.201
37.03999137878418,0.49857521057128906,8096,51.55860900878906,15273.861244972859,157.02518271235547,2.201,2.201,2.201,2.201,2.201,2.201,2.201,2.201,2.201,2.201,2.201,1.2,2.201,2.201,2.201,1.2,2.201,2.201,2.201,2.201
37.540496587753296,0.4987223148345947,7680,51.59358215332031,15497.183775122605,148.85572351183902,2.201,2.201,2.201,2.201,2.201,2.201,2.201,2.201,1.2,2.201,2.201,1.2,2.201,2.201,2.201,1.2,2.201,2.201,2.201,2.201
38.0410041809082,0.49852943420410156,7776,52.07872009277344,15712.271274827735,149.31242523141455,2.201,2.201,2.201,2.201,2.201,2.201,2.201,2.201,1.3,2.201,2.201,1.2,2.201,2.201,2.201,1.2,2.201,2.201,2.201,2.201
38.5415256023407,0.49848008155822754,8192,51.70208740234375,15507.38449963187,158.44621390719018,2.201,2.201,1.7,2.201,2.201,2.201,2.201,2.201,1.2,2.201,2.201,1.2,2.201,2.201,2.201,1.2,2.201,2.201,2.201,2.201
39.04203200340271,0.49863481521606445,7008,51.89569091796875,15160.783701555918,135.04011365948494,2.201,2.201,2.201,2.201,2.201,2.201,2.201,2.201,1.2,1.2,2.201,1.2,2.201,2.201,2.201,1.2,2.201,2.201,2.201,2.201
39.54255247116089,0.4983842372894287,8320,51.4815673828125,15731.008898265676,161.61124112895004,2.201,2.201,1.9,2.201,2.201,2.201,2.201,2.201,1.9,2.201,2.201,1.2,2.201,2.201,2.201,1.2,2.201,2.201,2.201,2.201
40.04305577278137,0.4985029697418213,7040,52.06828308105469,15229.090587624672,135.20707008988242,2.201,2.201,2.201,2.201,2.201,2.201,2.201,2.201,1.2,1.2,2.201,1.2,2.201,2.201,2.201,1.2,2.201,2.201,2.201,2.201
40.54356074333191,0.4985964298248291,8160,51.93846130371094,15408.02893857308,157.1090054494352,2.201,2.201,2.201,2.201,2.201,2.201,2.201,2.201,1.2,1.2,2.201,1.2,2.201,2.201,2.201,1.2,2.201,2.201,2.201,2.201
41.04406499862671,0.4985332489013672,7840,51.47282409667969,15875.595119711134,152.31338356866507,2.201,2.201,2.201,2.201,2.201,2.201,2.201,2.201,2.201,1.2,2.201,1.2,2.201,2.201,2.201,2.201,2.201,2.201,2.201,2.201
41.54456973075867,0.4985992908477783,8064,51.723602294921875,15267.2292637128,155.9056145010942,2.201,2.201,2.201,2.201,2.201,1.2,2.201,2.201,2.201,1.2,1.2,1.2,2.201,2.201,2.201,2.201,2.201,2.201,2.201,2.201
42.04508948326111,0.4986379146575928,7840,51.40650939941406,15832.704400670898,152.50986872276064,2.201,2.201,2.201,2.201,2.201,2.1,2.201,2.201,1.8,2.201,1.2,1.2,2.201,2.201,2.201,2.201,2.201,2.201,2.201,2.201
42.54561257362366,0.4986460208892822,7232,51.9290771484375,15643.181590442475,139.26686929805385,2.201,2.201,2.201,2.201,2.201,2.201,2.201,2.201,2.201,2.201,1.2,1.2,2.201,2.201,2.201,2.201,2.201,2.201,2.201,2.201
43.04613518714905,0.49863100051879883,7968,51.91705322265625,15086.296420043747,153.47558278833165,2.201,2.201,2.201,2.201,2.201,2.201,2.201,2.201,2.201,2.201,1.2,1.2,2.201,2.201,2.201,2.201,2.201,2.201,2.201,2.201
43.546653270721436,0.49851059913635254,7264,51.94477844238281,15709.783841503475,139.8408120665532,2.201,2.201,2.201,2.201,2.201,2.201,2.201,2.201,1.2,2.201,1.2,1.2,2.201,2.201,2.201,2.201,2.201,2.201,2.201,2.201
44.047203540802,0.49832868576049805,8096,51.70111083984375,15324.117576385554,156.59238009564723,2.201,2.201,2.201,2.201,2.201,2.201,2.201,2.201,2.201,2.201,1.4,1.6,2.201,2.201,2.201,2.201,2.201,2.201,2.201,2.201
44.54769706726074,0.4985685348510742,7296,51.43809509277344,15740.734998920596,141.84040032666408,2.201,2.201,2.201,2.201,2.201,2.201,2.201,2.201,1.2,2.201,1.2,1.2,2.201,2.201,2.201,2.201,2.201,2.201,2.201,2.201
45.0481972694397,0.49903130531311035,8064,51.7220458984375,15269.514818360012,155.9103059425499,2.201,2.201,2.201,2.201,2.201,2.201,2.201,2.201,1.3,2.201,1.5,1.8,2.201,2.201,2.201,2.201,2.201,2.201,2.201,2.201
45.54875469207764,0.4984476566314697,8320,51.60124206542969,15739.339180708444,161.23642894972085,2.201,2.201,2.201,2.201,2.201,2.201,2.201,2.201,1.2,2.201,1.2,1.2,2.201,2.201,2.201,2.201,2.201,2.201,2.201,2.201
46.049259185791016,0.49836158752441406,7136,51.70298767089844,15405.160313347096,138.01910337217458,2.201,2.0,2.201,2.201,2.201,1.8,2.201,2.201,1.2,2.201,1.2,1.2,2.201,2.201,2.201,2.201,2.201,2.201,2.201,2.201
46.549779176712036,0.49840474128723145,8128,51.40605163574219,15366.910081647799,158.1136800311789,2.201,2.201,2.201,2.201,2.201,2.201,2.201,2.201,1.2,2.201,1.2,1.2,2.201,2.201,2.201,2.201,2.201,2.201,2.201,2.201
47.05028033256531,0.4986140727996826,7328,51.79399108886719,15853.459357583375,141.483593867612,2.201,2.201,1.3,1.2,2.201,1.2,2.201,2.201,1.2,1.2,1.2,1.2,2.201,2.201,2.201,2.201,2.201,2.201,2.201,2.201
47.55079984664917,0.4981856346130371,7904,51.96089172363281,14942.301778742407,152.11440254026874,2.201,2.201,2.201,2.201,2.201,2.201,2.201,2.201,2.201,2.201,1.2,1.2,2.201,2.201,2.201,2.201,2.201,2.201,2.201,2.201
48.05129837989807,0.4983367919921875,8384,51.698486328125,15869.995381815783,162.17109233697116,2.201,2.201,1.4,2.201,2.201,2.201,2.201,2.201,2.201,2.201,1.2,1.2,2.201,2.201,2.201,2.201,2.201,2.201,2.201,2.201
48.55178999900818,0.49858856201171875,7040,52.19227600097656,15236.673376958768,134.88585935337014,2.201,2.201,2.201,2.201,2.201,2.201,2.201,2.201,1.2,2.201,1.2,1.2,2.201,2.201,2.201,2.201,2.201,2.201,2.201,2.201
49.052289724349976,0.49864625930786133,8256,51.9085693359375,15640.223018425899,159.04888355850295,2.201,2.201,2.201,2.201,2.201,2.201,2.201,2.201,1.4,2.201,1.2,1.2,2.201,2.201,2.201,2.201,2.201,2.201,2.201,2.201
49.55277180671692,0.49861741065979004,7104,52.00056457519531,15371.786882841485,136.61390136884523,2.201,2.201,2.201,2.201,2.201,2.201,2.201,2.201,1.2,2.201,1.2,1.2,2.201,2.201,2.201,2.201,2.201,2.201,2.201,2.201
50.05333065986633,0.49843382835388184,8160,51.90904235839844,15454.010937850106,157.1980454515124,2.201,2.201,2.201,2.201,2.201,2.201,2.201,2.201,1.2,2.201,1.6,1.4,2.201,2.201,2.201,2.201,2.201,2.201,2.201,2.201
