0.5022430419921875,0.49914073944091797,54722450,0.0,0,0,2.201,2.201,2.201,2.201,2.201,2.201,2.201,2.201,2.201,2.201,2.201,2.201,1.2,2.201,2.201,2.201,2.201,2.201,2.201,2.201
1.0029270648956299,0.4943420886993408,947015,42.651275634765625,1888202.863993917,22203.673533930025,2.201,2.201,2.201,2.201,2.201,2.201,2.201,2.201,1.2,2.201,2.201,2.201,1.2,2.201,2.201,2.201,2.201,2.201,2.201,2.201
1.5036094188690186,0.49520277976989746,1111660,39.98858642578125,2221510.138718944,27799.432272086913,2.201,2.201,2.201,2.201,2.201,2.201,2.201,2.201,1.2,2.201,2.201,2.201,2.201,2.201,1.2,2.201,2.201,2.201,2.201,2.201
2.0043039321899414,0.49485349655151367,1114176,39.702728271484375,2225357.8010251084,28062.958101552755,2.201,2.201,2.201,2.201,2.201,2.201,2.201,2.201,1.2,2.201,2.201,2.201,2.201,2.201,1.3,2.201,2.201,2.201,2.201,2.201
2.505005359649658,0.49097514152526855,1114758,39.75181579589844,2226688.893377903,28042.945402132293,1.2,2.201,2.201,2.201,2.201,2.201,2.201,2.201,1.4,2.201,2.201,2.201,2.201,2.201,2.201,2.201,2.201,2.201,2.201,1.2
3.0057005882263184,0.49338841438293457,1118442,41.31927490234375,2228120.2399018025,27068.287201152183,1.2,2.201,2.201,2.201,2.201,2.201,2.201,2.201,1.2,2.201,2.201,2.201,2.201,2.201,2.201,2.201,2.201,2.201,2.201,1.2
3.506389856338501,0.4937269687652588,1115253,41.05683898925781,2229054.2834799024,27163.635278687598,2.201,2.201,2.201,2.201,1.2,2.201,2.201,2.201,1.2,2.201,2.201,1.2,2.201,2.201,2.201,2.201,2.201,2.201,2.201,2.201
4.0068042278289795,0.493896484375,1115504,41.66162109375,2228370.191449443,26775.338326125428,2.201,2.201,2.201,2.201,1.2,2.201,2.201,2.201,1.2,2.201,2.201,1.2,2.201,2.201,2.201,2.201,2.201,2.201,2.201,2.201
4.507460355758667,0.49666857719421387,1112831,40.798492431640625,2228091.581436694,27276.277471884267,2.201,2.201,1.2,2.201,1.2,2.201,2.201,2.201,2.201,2.201,2.201,1.4,2.201,2.201,2.201,2.201,2.201,2.201,2.201,2.201
5.0081446170806885,0.49539637565612793,1115595,41.044830322265625,2227673.968235984,27179.915015870396,2.201,2.201,1.2,2.201,2.201,2.201,2.201,2.201,1.2,2.201,2.201,2.201,2.201,2.201,2.201,2.201,2.201,2.201,2.201,2.201
5.50883674621582,0.49428248405456543,1115495,41.109649658203125,2227945.943874623,27134.62676706152,2.201,2.201,1.2,1.2,1.2,2.201,2.201,2.201,1.2,2.201,2.201,2.201,1.3,2.201,2.201,2.201,2.201,2.201,2.201,2.201
6.009491443634033,0.4948725700378418,1116321,41.753692626953125,2225790.761757942,26735.862860651156,2.201,2.201,1.2,1.2,1.2,2.201,2.201,2.201,1.2,2.201,2.201,2.201,1.3,2.201,2.201,2.201,2.201,2.201,2.201,2.201
6.510138988494873,0.49352240562438965,1113566,41.25349426269531,2227490.280666557,26993.25281172545,2.201,2.201,2.201,1.2,1.2,2.201,2.201,2.201,1.2,2.201,2.201,2.201,1.5,2.201,2.201,2.201,2.201,2.201,2.201,2.201
7.010814189910889,0.4956059455871582,1114932,41.605712890625,2226900.3821111405,26797.569913799678,1.2,2.201,2.201,1.2,1.2,2.201,2.201,2.201,1.2,1.2,2.201,2.201,1.2,2.201,2.201,2.201,2.201,2.201,2.201,2.201
7.511487245559692,0.4948616027832031,1114871,41.36314392089844,2227583.363483694,26953.246158755337,2.201,2.201,2.201,1.2,1.2,2.201,2.201,2.201,1.2,1.2,2.201,2.201,2.201,2.201,2.201,2.201,2.201,2.201,2.201,2.201
8.01216983795166,0.49549365043640137,1114538,40.00514221191406,2225651.759724487,27859.868466311207,2.201,2.201,2.201,2.201,2.201,2.201,2.201,2.201,2.201,2.201,2.201,2.201,1.2,2.201,2.201,2.201,2.201,2.201,2.201,2.201
8.512855052947998,0.49471139907836914,1116727,41.286468505859375,2228689.572339964,27048.25673916659,1.3,2.201,2.201,2.201,2.201,2.201,2.201,2.201,1.2,2.201,2.201,2.201,1.2,2.201,2.201,2.201,2.201,2.201,2.201,2.201
9.013519525527954,0.4924600124359131,1114500,40.9847412109375,2227522.8346015876,27193.047145618577,1.2,2.201,2.201,1.2,2.201,2.201,2.201,2.201,1.2,2.201,2.201,2.201,2.201,2.201,2.201,2.201,2.201,2.201,2.201,2.201
9.514056921005249,0.49440884590148926,1115596,41.03175354003906,2228074.008971344,27188.601601230468,1.2,2.201,2.201,1.2,2.201,2.201,2.201,2.201,1.2,2.201,2.201,2.201,2.201,2.201,1.2,2.201,2.201,2.201,2.201,2.201
10.014575958251953,0.4985995292663574,831929,47.69837951660156,1663634.102195643,17441.452066740436,2.201,2.201,2.201,1.2,2.201,2.201,2.201,2.201,2.201,2.201,2.201,2.201,2.201,2.201,1.2,2.201,2.201,2.201,2.201,2.201
10.515097856521606,0.49845194816589355,722871,50.775482177734375,1443524.9197430096,14236.615173237826,2.201,2.201,2.201,1.2,2.201,2.201,2.201,2.201,1.2,2.201,2.201,2.201,2.201,2.201,1.2,2.201,2.201,2.201,2.201,2.201
11.015619993209839,0.4985074996948242,719470,50.49650573730469,1437580.848836241,14247.916553728704,2.201,2.201,2.201,1.2,2.201,2.201,2.201,2.201,1.2,2.201,2.201,2.201,2.201,2.201,1.2,2.201,2.201,2.201,2.201,2.201
11.516137599945068,0.4986908435821533,724622,50.58848571777344,1448321.7933813187,14323.852349377912,2.201,2.201,2.201,1.2,2.201,2.201,2.201,2.201,1.3,1.2,2.201,2.201,2.201,1.7,1.2,2.201,2.201,2.201,2.201,2.201
12.01667594909668,0.4985520839691162,725678,50.14900207519531,1449521.2909889938,14470.437495683183,2.201,2.201,2.201,1.2,2.201,2.201,2.201,2.201,1.4,1.2,2.201,2.201,2.201,2.201,1.2,2.201,2.201,2.201,2.201,2.201
12.517199277877808,0.49907660484313965,720893,50.21195983886719,1440597.6585458464,14356.997860935591,2.201,2.201,2.201,1.2,2.201,2.201,2.201,2.201,1.2,2.201,2.201,2.201,2.201,2.201,1.2,2.201,2.201,2.201,2.201,2.201
13.017805814743042,0.4990861415863037,724832,50.22808837890625,1448164.5761764618,14430.809998821294,2.201,2.201,2.201,1.2,2.201,2.201,2.201,2.201,1.2,2.201,2.201,2.201,2.201,2.201,1.2,2.201,2.201,2.201,2.201,2.201
13.518513441085815,0.49710893630981445,1041445,43.25758361816406,2079043.4218676675,24075.431702169615,2.201,2.201,2.201,1.2,2.201,2.201,2.201,2.201,1.2,1.2,2.201,2.201,2.201,2.201,1.2,2.201,2.201,2.201,2.201,2.201
14.018876314163208,0.4960622787475586,1115855,40.784149169921875,2227442.0081368047,27360.016641537248,2.201,2.201,2.201,1.2,2.201,2.201,2.201,2.201,1.3,1.2,2.201,2.201,1.2,2.201,1.2,2.201,2.201,2.201,2.201,2.201
14.519514560699463,0.49711155891418457,1114308,40.55552673339844,2228336.9592434894,27476.10719804413,2.201,2.201,2.201,1.2,2.201,2.201,2.201,2.201,1.3,1.2,2.201,2.201,2.0,2.201,1.2,2.201,2.201,2.201,2.201,2.201
15.020169973373413,0.49553561210632324,1115341,40.69989013671875,2226977.310259758,27404.029746845885,2.201,2.201,2.201,1.2,2.201,2.201,2.201,2.201,1.3,1.2,2.201,2.201,1.5,2.201,1.2,2.201,2.201,2.201,2.201,2.201
15.520782232284546,0.49642062187194824,1115124,40.61985778808594,2228008.661501894,27452.681046241203,2.201,2.201,2.201,1.2,2.201,2.201,2.201,2.201,1.3,1.2,2.201,2.201,1.6,2.201,1.3,2.201,2.201,2.201,2.201,2.201
16.021432876586914,0.49457836151123047,1116739,40.49192810058594,2226683.4190012435,27579.29919330861,2.201,2.201,2.201,2.201,2.201,2.201,2.201,2.201,1.3,2.201,2.201,2.201,2.201,2.201,1.2,2.201,1.2,2.201,2.201,2.201
16.522125720977783,0.4964299201965332,1113596,41.49896240234375,2228346.3077415125,26834.30947509924,2.201,2.201,2.201,2.201,2.201,2.201,2.201,2.201,1.3,2.201,2.201,2.201,2.201,2.201,1.2,2.201,1.8,2.201,2.201,2.201
17.022841215133667,0.4959292411804199,1116248,41.87005615234375,2228137.975872129,26659.816168828234,2.201,2.201,2.201,1.2,2.201,2.201,2.201,2.201,1.2,2.201,2.201,2.201,2.201,2.201,1.2,2.201,1.3,2.201,2.201,2.201
17.523543119430542,0.49233555793762207,1115155,41.779266357421875,2228564.4318362074,26691.588848397725,2.201,2.201,2.201,1.2,2.201,2.201,2.201,2.201,1.2,1.7,2.201,2.201,2.201,2.201,1.2,2.201,1.7,2.201,2.201,2.201
18.024216651916504,0.49321532249450684,1117803,41.594268798828125,2227623.6505283117,26873.966829571793,2.201,2.201,1.2,1.2,2.201,2.201,2.201,2.201,1.2,1.2,2.201,2.201,2.201,2.201,1.2,2.201,1.2,2.201,2.201,2.201
18.52484393119812,0.4950907230377197,1113651,41.54911804199219,2228766.921792523,26803.240417148525,2.201,1.6,1.2,1.2,2.201,2.201,1.2,2.201,1.6,1.2,2.201,2.201,2.201,2.201,2.201,2.201,1.9,2.201,2.201,2.201
19.025537490844727,0.49529004096984863,1115447,41.37370300292969,2228192.590326463,26960.289242686707,2.201,2.201,1.2,1.2,2.201,2.201,1.2,2.201,1.2,1.2,2.201,2.201,2.201,2.201,2.201,2.201,2.201,2.201,2.201,2.201
19.52622652053833,0.49635887145996094,1115415,41.297210693359375,2227774.977819649,27009.451274619852,2.201,2.201,1.2,2.201,2.201,2.201,2.201,2.201,1.5,1.2,1.8,2.201,2.201,2.201,2.201,2.201,2.201,2.201,2.201,2.201
20.026895999908447,0.49547314643859863,1115232,41.79841613769531,2226133.8376501817,26681.20237681073,2.201,2.201,1.2,2.201,2.201,2.201,2.201,2.201,1.2,1.2,1.5,2.201,2.201,2.201,2.201,2.201,2.201,2.201,2.201,2.201
20.52752113342285,0.4963395595550537,1114860,41.19834899902344,2227717.754567741,27060.79314067723,2.201,2.201,1.2,2.201,2.201,2.201,1.2,2.201,2.0,1.2,1.5,2.201,2.201,2.201,1.2,2.201,2.201,2.201,2.201,2.201
21.028188705444336,0.49570393562316895,1114788,41.01393127441406,2226966.292956462,27180.715560798828,2.201,2.201,1.2,2.201,2.201,2.201,2.201,2.201,1.2,2.201,1.2,2.201,2.201,2.201,1.2,2.201,2.201,2.201,2.201,2.201
21.52879810333252,0.49497151374816895,1115633,41.2772216796875,2228133.922276144,27027.812304261806,2.201,1.4,2.201,2.201,2.201,2.201,2.201,1.3,1.5,2.201,2.201,2.201,2.201,2.201,1.5,2.201,2.201,2.201,2.201,2.201
22.029334783554077,0.4960775375366211,1115279,41.39729309082031,2227493.717026359,26940.867789428212,2.201,1.4,2.201,2.201,2.201,2.201,2.201,1.3,1.2,2.201,2.201,2.201,2.201,2.201,1.7,2.201,2.201,2.201,2.201,2.201
22.52986454963684,0.49858975410461426,762861,49.076812744140625,1525359.4681267627,15544.224601078631,2.201,1.2,2.201,2.201,2.201,2.201,1.2,1.3,1.6,2.201,2.201,2.201,2.201,2.201,1.6,2.201,2.201,2.201,2.201,2.201
23.030388355255127,0.4983229637145996,720491,50.364898681640625,1439371.446706575,14305.419426221115,2.201,1.2,2.201,2.201,2.201,2.201,1.2,1.3,1.2,2.201,2.201,2.201,2.201,2.201,1.2,2.201,2.201,2.201,2.201,2.201
23.53095269203186,0.49843692779541016,721555,50.349365234375,1441638.6782071802,14330.965179822626,2.201,1.2,2.201,2.201,2.201,2.201,1.2,1.3,1.3,1.2,2.201,2.201,2.201,2.201,1.3,2.201,2.201,2.201,2.201,2.201
24.031494855880737,0.4984133243560791,722227,50.217254638671875,1442785.0138981764,14382.048664281603,2.201,1.2,2.201,2.201,2.201,2.201,1.2,1.3,1.2,1.2,2.201,2.201,2.201,2.201,1.2,2.201,2.201,2.201,2.201,2.201
24.53202223777771,0.4987607002258301,716139,49.98583984375,1430864.4430838646,14326.837405124497,2.201,2.201,2.201,2.201,2.201,2.201,1.2,1.2,1.3,1.2,2.201,2.201,2.201,2.201,1.4,2.201,2.201,2.201,2.201,2.201
25.032549381256104,0.4984109401702881,724902,50.23374938964844,1448119.1330956535,14430.577227615406,2.201,2.201,2.201,2.201,2.201,2.201,1.2,1.2,1.2,1.2,2.201,2.201,2.201,2.201,1.2,2.201,2.201,2.201,2.201,2.201
25.533209323883057,0.49858593940734863,721296,50.156829833984375,1441192.9979701338,14380.813189099863,2.201,2.201,2.201,2.201,2.201,2.201,1.2,1.2,1.2,1.2,2.201,2.201,2.201,2.201,1.3,2.201,2.201,2.201,2.201,2.201
26.03382182121277,0.4959394931793213,1098613,42.218719482421875,2192867.4265782344,26021.940349408676,2.201,2.201,2.201,2.201,2.201,2.201,1.2,1.2,1.2,1.2,2.201,2.201,2.201,2.201,1.2,2.201,2.201,2.201,2.201,2.201
26.534432888031006,0.49683451652526855,1114275,41.66864013671875,2225955.4708124166,26741.333442703155,2.201,2.201,2.201,2.201,2.201,2.201,1.3,1.2,1.2,1.2,2.201,2.201,2.201,2.201,2.1,2.201,2.201,2.201,2.201,2.201
27.03514337539673,0.49674487113952637,1114969,41.25117492675781,2226449.0867627896,27028.781652392863,2.201,2.201,2.201,2.201,2.201,2.201,1.3,1.2,1.2,1.2,2.201,2.201,2.201,2.201,2.201,2.201,2.201,2.201,2.201,2.201
27.53580379486084,0.496715784072876,1114704,40.935821533203125,2226795.071728415,27230.52715812388,2.201,2.201,2.201,2.201,2.201,2.201,1.3,1.2,1.2,1.2,2.201,1.7,2.201,2.201,1.4,2.201,2.201,2.201,2.201,2.201
28.036408185958862,0.4958455562591553,1115152,40.52525329589844,2226911.4159135693,27517.459097852563,2.201,2.201,2.201,2.201,2.201,2.201,1.3,2.201,1.2,1.2,2.201,2.201,2.201,2.201,2.0,2.201,2.201,2.201,2.201,2.201
28.537034273147583,0.49627137184143066,1114711,41.49263000488281,2227424.374600329,26865.27703519449,2.201,2.201,2.201,2.201,2.201,2.201,1.2,2.201,1.3,1.2,2.201,2.201,2.201,2.201,1.5,2.201,2.201,2.201,2.201,2.201
29.037669897079468,0.4950253963470459,1117289,41.941497802734375,2227987.0216017943,26639.22507620027,2.201,2.201,2.201,2.201,2.201,2.201,1.2,2.201,1.2,1.2,2.201,2.201,2.201,2.201,1.2,2.201,2.201,2.201,2.201,2.201
29.538337469100952,0.4949169158935547,1115344,41.83123779296875,2227533.742562835,26662.94517795679,2.201,2.201,2.201,2.201,2.201,2.201,1.2,2.201,1.4,1.2,2.201,2.201,2.201,2.201,1.5,2.201,2.201,2.201,2.201,2.201
30.038868188858032,0.49431490898132324,1116006,41.6741943359375,2228517.359305701,26779.305941797626,2.201,2.201,2.201,2.201,2.201,2.201,1.2,2.201,1.2,1.2,2.201,2.201,2.201,2.201,1.8,2.201,2.201,2.201,2.201,2.201
30.539486169815063,0.4951622486114502,1112486,41.32304382324219,2227415.1533391527,26921.685748964144,2.201,2.201,2.201,2.201,2.201,2.201,1.2,2.201,1.4,1.2,2.201,2.201,2.201,2.201,1.5,2.201,2.201,2.201,2.201,2.201
31.040138959884644,0.49312615394592285,1116443,41.64509582519531,2229677.938834167,26808.51077126232,2.201,2.201,2.201,2.201,2.201,2.201,1.2,2.201,1.2,1.2,2.201,2.201,2.201,2.201,2.201,2.201,2.201,2.201,2.201,2.201
31.540748119354248,0.4961662292480469,1113352,41.45979309082031,2224104.477962409,26853.77608038544,2.201,2.201,2.201,2.201,2.201,2.201,1.2,2.201,1.2,1.2,1.8,2.201,2.201,2.201,2.201,2.201,2.201,2.201,2.201,2.201
32.04142904281616,0.49698400497436523,1112465,41.11358642578125,2222641.416422656,27058.33026773851,2.201,2.201,2.201,2.201,2.201,2.201,1.2,2.201,1.2,1.2,2.201,2.201,2.201,2.201,2.201,2.201,2.201,2.201,2.201,2.201
32.54206871986389,0.4940204620361328,1113050,41.339691162109375,2222136.427595446,26924.487549635727,2.201,2.201,2.201,2.201,2.201,2.201,1.2,2.201,1.3,1.2,1.4,2.201,2.201,2.201,2.201,2.201,2.201,2.201,2.201,2.201
33.04281663894653,0.49691271781921387,1112720,41.52806091308594,2223447.4942539157,26794.412634117718,2.201,2.201,2.201,2.201,2.201,2.201,1.2,2.201,1.2,1.2,2.201,2.201,2.201,2.201,2.201,2.201,2.201,2.201,2.201,2.201
33.54349422454834,0.4956531524658203,1112896,41.85163879394531,2221824.638332181,26591.455724811498,2.201,2.201,2.201,2.201,2.201,2.201,1.2,2.201,1.4,1.2,1.5,2.201,2.201,2.201,2.201,2.201,2.201,2.201,2.201,2.201
34.04406213760376,0.4956188201904297,1113316,41.12083435058594,2223552.0168707334,27074.25609383668,2.201,2.201,2.201,2.201,2.201,2.201,1.2,2.201,1.2,1.2,1.4,2.201,2.201,2.201,2.201,2.201,2.201,2.201,2.201,2.201
34.54459190368652,0.49822330474853516,1098626,41.69239807128906,2196184.291437798,26350.75099593647,2.201,2.201,2.201,2.201,2.201,2.201,1.2,2.201,1.2,1.2,1.2,2.201,2.201,2.201,2.201,2.201,2.201,2.201,2.201,2.201
35.045154094696045,0.49827003479003906,721767,50.30436706542969,1442086.994526689,14347.998834002125,2.201,2.201,2.201,2.201,2.201,2.201,1.2,2.201,1.2,1.2,1.2,2.201,2.201,2.201,2.201,2.201,2.201,2.201,2.201,2.201
35.54567885398865,0.4982035160064697,722743,50.31758117675781,1443916.953593815,14363.627644602322,2.201,2.201,2.201,2.201,2.201,2.201,1.2,2.201,1.2,1.2,1.2,2.201,2.201,2.201,2.201,2.201,2.201,2.201,2.201,2.201
36.04619836807251,0.49848270416259766,709839,50.07017517089844,1418331.1068604242,14176.88269667907,2.201,2.201,2.201,2.201,2.201,2.201,2.201,2.201,1.2,2.201,2.201,2.201,2.201,2.201,2.201,2.201,2.201,2.201,2.201,2.201
36.54672360420227,0.4984619617462158,723597,50.330535888671875,1445674.3386479747,14376.89838233698,2.201,2.201,2.201,2.201,2.201,2.201,1.2,2.201,1.2,2.201,2.201,1.3,2.201,2.201,2.201,2.201,2.201,2.201,2.201,2.201
37.047245502471924,0.49857497215270996,724903,50.28660583496094,1448302.9906299757,14415.429078254136,2.201,2.201,2.201,2.201,2.201,2.201,1.2,2.201,1.2,2.201,2.201,1.2,2.201,2.201,2.201,2.201,2.201,2.201,2.201,2.201
37.547924518585205,0.49851202964782715,723876,50.37773132324219,1446186.1419008959,14368.967815468772,2.201,2.201,2.201,2.201,2.201,2.201,1.2,2.201,1.2,2.201,2.201,1.2,2.201,2.201,2.201,2.201,2.201,2.201,2.201,2.201
38.04862117767334,0.4950742721557617,763852,49.41412353515625,1524534.3302046165,15458.171578345382,2.201,2.201,2.201,2.201,2.201,2.201,1.2,2.201,1.2,2.201,2.201,2.201,2.201,2.201,2.201,2.201,2.201,2.201,2.201,2.201
38.54936599731445,0.49497318267822266,1115418,41.72779846191406,2227646.1109583825,26730.813537121256,2.201,2.201,2.201,2.201,2.201,2.201,1.2,2.201,1.3,2.201,2.201,1.3,2.201,2.201,2.201,2.201,2.201,2.201,2.201,2.201
39.05005097389221,0.49494314193725586,1115791,41.574127197265625,2228317.692581836,26838.591095506792,2.201,2.201,2.201,2.201,2.201,2.201,1.2,2.201,1.3,2.201,2.201,1.2,2.201,2.201,2.201,2.201,2.201,2.201,2.201,2.201
39.55075979232788,0.4947202205657959,1115924,41.72505187988281,2227852.4502926585,26744.70011954684,2.201,2.201,2.201,2.201,2.201,2.201,1.2,2.201,1.2,1.2,2.201,1.2,2.201,2.201,2.201,2.201,2.201,2.201,2.201,2.201
40.05142545700073,0.4947373867034912,1115965,41.70533752441406,2229387.210621399,26758.325582348316,2.201,2.201,2.201,2.201,2.201,2.201,1.2,2.201,1.2,1.2,2.201,1.2,2.201,2.201,2.201,2.201,2.201,2.201,2.201,2.201
40.55209040641785,0.4947977066040039,1115340,41.59388732910156,2227847.6873990027,26814.997866757254,2.201,2.201,2.201,2.201,2.201,2.201,1.2,2.201,1.2,1.2,2.201,1.3,2.201,2.201,2.201,2.201,2.201,2.201,2.201,2.201
41.05275821685791,0.4949209690093994,1116020,41.680572509765625,2229204.7206592723,26775.543923695386,2.201,2.201,2.201,2.201,2.201,2.201,1.2,2.201,1.2,1.2,2.201,2.201,2.201,2.201,2.201,2.201,2.201,2.201,2.201,2.201
41.55348610877991,0.494964599609375,1115448,41.75209045410156,2227857.9773988733,26715.97967594513,2.201,2.201,2.201,2.201,2.201,2.201,1.2,2.201,1.2,1.2,2.201,1.2,2.201,2.201,2.201,2.201,2.201,2.201,2.201,2.201
42.05417203903198,0.49449920654296875,1116075,41.35002136230469,2229125.818768648,26990.91713208717,2.201,2.201,2.201,2.201,2.201,2.201,1.2,2.201,1.2,1.2,2.201,2.201,2.201,2.201,2.201,2.201,2.201,2.201,2.201,2.201
42.55487036705017,0.493485689163208,1117843,41.71678161621094,2227883.5283340025,26796.002872033918,2.201,2.201,2.201,2.201,2.201,2.201,1.2,1.2,1.2,1.2,2.201,2.201,2.201,2.201,2.201,2.201,2.201,2.201,2.201,2.201
43.055559158325195,0.49511265754699707,1113625,41.343902587890625,2228916.1396966027,26935.652666862028,2.201,2.201,2.201,2.201,2.201,2.201,1.2,1.2,1.2,1.2,2.201,2.201,2.201,2.201,2.201,2.201,2.201,2.201,2.201,2.201
43.556235551834106,0.4950430393218994,1115056,41.14772033691406,2226976.5714783682,27098.85239984173,2.201,2.201,2.201,2.201,2.201,2.201,1.2,2.201,1.2,1.2,2.201,2.201,2.201,2.201,2.201,2.201,2.201,2.201,2.201,2.201
44.05691480636597,0.49509644508361816,1116199,41.72908020019531,2229335.543376196,26748.708446125194,2.201,2.201,2.201,2.201,2.201,2.201,1.2,2.201,1.2,1.2,1.2,2.201,2.201,2.201,2.201,2.201,2.201,2.201,2.201,2.201
44.55762267112732,0.4955430030822754,1115569,41.61297607421875,2227804.4239753275,26808.200355829606,2.201,2.201,2.201,2.201,2.201,2.201,1.2,1.2,1.2,1.2,2.201,1.2,2.201,2.201,2.201,2.201,2.201,2.201,2.201,2.201
45.05831575393677,0.4957890510559082,1115932,41.4979248046875,2228796.057288437,26891.2724010225,2.201,2.201,2.201,2.201,2.201,2.201,1.2,1.2,1.2,1.2,2.201,1.2,2.201,2.201,2.201,2.201,2.201,2.201,2.201,2.201
45.55906653404236,0.49555444717407227,1115097,41.403778076171875,2226363.4521240247,26932.25236471222,2.201,2.201,2.201,2.201,2.201,2.201,1.2,1.2,2.201,1.2,2.201,1.2,2.201,2.201,2.201,2.201,2.201,2.201,2.201,2.201
46.05979347229004,0.4935603141784668,1117842,41.309234619140625,2229399.0090166708,27060.341599310294,2.201,2.201,2.201,2.201,2.201,2.201,1.2,1.2,2.201,1.2,2.201,2.201,2.201,2.201,1.2,2.201,2.201,2.201,2.201,2.201
46.56031894683838,0.4933781623840332,1115615,41.241363525390625,2228012.1967656403,27050.875738217565,2.201,2.201,2.201,2.201,2.201,1.2,1.2,2.201,1.2,1.2,2.201,2.201,2.201,2.201,1.2,2.201,2.201,2.201,2.201,2.201
47.06087875366211,0.4985158443450928,1037466,42.76190185546875,2077871.1413563644,24261.45599198414,2.201,2.201,2.201,2.201,2.201,1.2,1.2,2.201,1.2,1.2,2.201,2.201,2.201,2.201,1.2,2.201,2.201,2.201,2.201,2.201
47.56140351295471,0.49827146530151367,717724,50.592315673828125,1433715.406997847,14186.423183852905,2.201,2.201,2.201,2.201,2.201,2.201,1.2,2.201,1.2,1.2,1.2,2.201,2.201,2.201,1.2,2.201,2.201,2.201,2.201,2.201
48.061965227127075,0.49846839904785156,721528,50.250732421875,1441742.6567652072,14358.556885151122,2.201,2.201,2.201,2.201,2.201,2.201,1.2,2.201,1.2,1.2,2.201,2.201,2.201,2.201,1.2,2.201,2.201,2.201,2.201,2.201
48.56248116493225,0.49822449684143066,711997,49.939422607421875,1422237.3344362068,14257.213296138205,2.201,2.201,2.201,2.201,2.201,2.201,1.2,2.201,1.2,1.2,1.2,2.201,2.201,2.201,1.2,2.201,2.201,2.201,2.201,2.201
49.063032150268555,0.49847936630249023,724438,50.59580993652344,1447338.408754798,14318.142172422311,2.201,2.201,2.201,2.201,2.201,2.201,1.2,2.201,1.2,1.2,2.201,2.201,2.201,2.201,1.2,2.201,2.201,2.201,2.201,2.201
49.563560962677,0.4987943172454834,717697,50.5235595703125,1434064.8178040977,14205.194687464513,2.201,2.201,2.201,2.201,2.201,2.201,1.2,2.201,2.201,1.2,2.201,2.201,2.201,2.201,2.201,2.201,2.201,2.201,2.201,1.2
50.0642626285553,0.498553991317749,724501,50.36944580078125,1447385.7171685488,14383.739754959994,2.201,2.201,2.201,2.201,2.201,2.201,1.2,2.201,1.2,1.2,2.201,2.201,2.201,2.201,2.201,2.201,2.201,2.201,2.201,2.201
