0.5024721622467041,0.4988236427307129,452832,0.0,0,0,1.3,1.4,2.201,2.201,2.201,1.3,2.201,1.8,2.201,2.201,2.201,2.201,2.201,2.201,2.0,2.201,2.0,2.201,1.9,1.4
1.0029633045196533,0.49825596809387207,6496,47.25074768066406,12903.394112359914,137.47930601864934,1.4,1.5,2.201,2.201,2.201,1.2,2.201,1.9,2.201,2.201,2.201,2.201,2.201,2.201,2.201,2.201,2.201,2.201,2.0,1.7
1.503486156463623,0.49811792373657227,7072,48.896942138671875,14054.99759298032,144.6307210774814,1.5,1.5,2.201,2.201,2.201,1.2,2.201,1.9,2.201,2.201,2.201,2.201,2.201,2.201,2.201,2.201,2.1,2.201,2.0,1.8
2.0039987564086914,0.4983401298522949,7136,50.571014404296875,15022.85310623912,141.10850027547943,1.5,1.7,2.201,2.201,2.201,1.2,2.201,1.9,2.201,2.201,2.201,2.201,2.201,2.201,2.201,2.201,2.0,2.201,2.0,1.8
2.5045242309570312,0.49790358543395996,8320,51.15095520019531,15748.944081336616,162.65580901543422,1.7,1.7,2.201,2.201,2.201,1.2,2.201,1.9,2.201,2.201,2.201,2.201,2.201,2.201,2.201,2.201,2.201,2.201,2.0,1.8
3.0050344467163086,0.4979431629180908,7168,51.07501220703125,15110.876000528346,140.34259984010765,1.7,1.8,2.201,2.201,2.201,1.2,2.201,2.0,2.201,2.201,1.9,2.201,2.201,2.201,2.201,2.201,2.201,2.201,2.0,1.8
3.505559206008911,0.49794602394104004,8160,51.03025817871094,15415.186781292761,159.9051286674507,1.7,1.8,2.201,2.201,2.201,1.2,2.201,2.0,2.201,2.201,1.7,2.201,2.201,2.201,2.201,2.201,2.201,2.201,2.0,1.7
4.006104230880737,0.4982106685638428,7424,51.1741943359375,15092.016896049297,145.0731193004134,1.7,1.8,2.201,2.201,2.201,1.2,2.201,2.0,2.201,2.201,1.6,2.1,2.201,2.201,2.201,2.201,2.201,2.201,2.0,1.5
4.506662368774414,0.49831223487854004,7136,50.37774658203125,15046.589085953618,141.64984510333915,1.7,1.8,2.201,2.201,2.201,1.3,2.201,2.0,1.8,2.201,1.5,2.0,2.201,2.201,2.201,2.201,2.201,2.201,2.201,1.5
5.007206678390503,0.49832963943481445,7296,48.750885009765625,14148.474883530622,149.6588215483368,1.7,1.9,2.201,2.201,2.201,1.3,2.201,2.201,1.7,2.201,1.5,1.7,2.201,2.201,2.1,2.201,2.201,2.201,2.201,1.5
5.507731676101685,0.49828028678894043,7296,48.92756652832031,14488.162685673025,149.1183910766729,1.8,1.9,2.201,2.201,2.201,1.3,2.201,2.201,1.4,2.201,1.5,1.6,2.201,2.201,2.1,2.201,2.201,2.201,2.201,1.4
6.008256196975708,0.49848055839538574,7008,49.90922546386719,14357.92349746937,140.41492198819208,1.8,2.201,2.201,2.201,2.201,1.3,2.201,2.201,1.2,2.201,1.5,1.6,2.201,2.201,2.1,2.201,2.201,2.201,2.201,1.2
6.508782148361206,0.4981498718261719,8032,50.19624328613281,15334.671882112147,160.01197448612487,2.1,2.201,2.201,2.201,2.201,1.3,2.201,2.201,1.2,2.201,1.5,1.5,2.201,2.201,2.0,2.201,2.201,2.201,2.201,1.2
7.009305715560913,0.4980907440185547,7168,50.20576477050781,14390.66435493321,142.77244919513052,2.201,2.201,2.201,2.201,2.201,1.5,2.201,2.201,1.2,2.201,1.3,1.4,2.201,2.201,1.8,2.201,2.201,2.201,2.201,1.2
7.509826421737671,0.4981827735900879,5664,47.05841064453125,11664.918681681222,120.36105602428,2.201,2.1,2.201,2.201,2.201,1.2,2.201,2.201,1.6,2.201,1.3,1.3,2.201,2.201,1.8,2.201,2.201,2.201,2.201,1.2
8.010345220565796,0.4983391761779785,7648,49.28057861328125,15260.503095998856,155.19298302108092,2.201,2.201,2.201,2.201,2.201,1.2,2.1,2.201,1.7,2.201,1.7,1.5,2.201,2.201,1.7,2.201,2.201,2.201,2.201,1.2
8.510895490646362,0.49852991104125977,7104,51.30250549316406,15407.047791337904,138.47276915055525,2.201,2.201,2.201,2.1,2.201,1.2,2.1,2.201,1.8,2.201,1.7,1.5,2.201,2.201,1.7,2.201,2.201,2.201,2.201,1.2
9.011399269104004,0.4983494281768799,7872,50.347747802734375,14353.950813566049,156.3525747138281,2.201,2.201,2.201,2.0,2.201,1.2,2.201,2.201,1.5,2.201,1.7,1.5,2.201,2.201,1.7,2.201,2.0,2.201,2.201,1.3
9.511917352676392,0.4985620975494385,7744,51.28202819824219,15734.463613277216,151.00806797390754,2.201,2.201,2.201,1.9,2.201,1.2,2.201,2.201,1.2,2.201,1.7,1.4,2.201,2.201,1.7,2.201,1.9,2.201,2.201,1.7
10.012418031692505,0.49845242500305176,8032,51.50779724121094,15356.696618001542,155.93755567503996,2.201,2.201,2.201,1.8,2.201,1.2,2.201,2.201,1.2,2.201,1.7,1.4,2.201,2.201,1.7,2.201,1.9,2.201,2.201,1.7
10.512941122055054,0.49829936027526855,7776,51.347900390625,15869.599731225078,151.43754546621594,2.201,2.201,2.201,1.7,2.201,1.2,2.201,2.201,1.2,2.201,1.8,1.4,2.201,2.201,1.7,2.201,1.8,2.201,2.201,1.7
11.013461828231812,0.4985337257385254,7712,51.38948059082031,15636.693711334223,150.06962341973139,2.201,2.201,2.201,1.6,2.201,1.2,2.0,2.201,1.2,2.201,1.8,1.4,2.201,2.201,1.7,2.201,1.8,2.201,2.201,1.7
11.513980627059937,0.49837207794189453,7648,51.23968505859375,15477.736285730562,149.25930928838335,2.201,2.201,2.201,1.4,2.201,1.2,1.7,2.201,1.2,2.201,1.8,1.4,2.201,2.201,1.7,2.201,1.8,2.201,2.201,1.7
12.014491558074951,0.4984438419342041,7712,50.9742431640625,15601.27680934168,151.29209422842516,2.201,2.201,2.201,1.3,2.201,1.2,1.3,2.201,1.2,2.201,1.8,1.4,2.201,2.201,1.7,2.201,1.7,2.201,2.201,1.7
12.51501202583313,0.4985983371734619,8128,51.3046875,15421.695394758457,158.42606974265266,2.201,2.201,2.201,1.2,2.201,1.2,1.2,2.201,1.2,2.201,1.8,1.3,2.201,2.201,1.7,2.201,1.6,2.201,2.201,1.7
13.015547275543213,0.49859046936035156,7616,51.21205139160156,15375.618173838991,148.7149956513746,2.201,2.201,2.201,1.2,2.201,1.2,1.2,2.201,1.2,2.201,1.8,1.3,2.201,2.201,1.7,2.201,1.6,2.201,2.201,1.7
13.516069889068604,0.4985671043395996,7776,51.30909729003906,15735.759250556417,151.55207186834684,2.201,2.201,2.201,1.2,2.201,1.2,1.2,2.201,1.2,2.201,1.8,1.3,2.201,2.201,1.7,2.201,1.5,2.201,2.201,1.7
14.01657485961914,0.4986257553100586,7584,51.35748291015625,15377.49888283168,147.67078856390407,2.201,2.201,2.201,1.2,2.201,1.2,1.2,2.201,1.2,2.201,1.8,1.3,2.201,2.201,1.7,2.201,1.4,2.201,2.201,1.7
14.517094612121582,0.49861645698547363,7744,51.1322021484375,15656.606554411477,151.45054729931363,2.201,2.201,2.201,1.2,2.201,1.2,1.2,2.201,1.2,2.201,1.8,1.3,2.201,2.201,1.7,2.201,1.3,2.201,2.201,1.7
15.01759672164917,0.49862241744995117,8192,51.41748046875,15543.239390484921,159.323248150575,2.201,2.201,2.201,1.2,2.201,1.2,1.2,2.201,1.2,2.201,1.8,1.3,2.201,2.201,1.7,2.201,1.2,2.201,2.201,1.7
15.518117189407349,0.4984400272369385,7616,51.15834045410156,15423.398339937004,148.87113093187517,2.201,2.201,2.201,1.2,2.201,1.2,1.2,2.201,1.2,2.201,1.8,1.3,2.201,2.201,1.7,2.201,1.2,2.201,2.201,1.7
16.018626928329468,0.49847865104675293,7776,51.504486083984375,15758.443120641445,150.97713988098587,2.201,2.201,2.201,1.2,2.201,1.2,1.2,2.201,1.2,2.201,1.8,1.2,2.201,2.201,1.7,2.201,1.2,2.201,2.201,1.7
16.519145965576172,0.49858546257019043,7584,51.19950866699219,15370.85128817668,148.12642147266013,2.201,2.201,2.201,1.2,2.201,1.2,1.2,2.201,1.2,2.201,1.8,1.2,2.201,2.201,1.7,2.201,1.2,2.201,2.201,1.7
17.019672632217407,0.49902868270874023,7808,51.13983154296875,15799.180157432142,152.67942354169776,2.201,2.201,2.201,1.2,2.201,1.2,1.2,2.201,1.2,2.201,1.8,1.2,2.201,2.201,1.7,2.201,1.2,2.201,2.201,1.7
17.520194053649902,0.4985237121582031,8096,51.37408447265625,15362.455970859357,157.58918301131146,2.201,2.201,2.201,1.2,2.201,1.2,1.2,2.201,1.2,2.201,1.8,1.2,2.201,2.201,1.7,2.201,1.2,2.201,2.201,1.7
18.020732879638672,0.49865198135375977,7648,51.121673583984375,15459.46466406235,149.60386591091572,2.201,2.201,2.201,1.2,2.201,1.2,1.2,2.201,1.2,2.201,1.8,1.2,2.201,2.201,1.7,2.201,1.2,2.201,2.201,1.7
18.521257400512695,0.49859046936035156,7744,51.320556640625,15678.998243360771,150.8947000366302,2.201,2.201,2.201,1.2,2.201,1.2,1.2,2.201,1.2,2.201,1.8,1.2,2.201,2.201,1.7,2.201,1.2,2.201,2.201,1.7
19.021759271621704,0.4985382556915283,7616,51.236968994140625,15309.282129806477,148.64267245923452,2.201,2.201,2.201,1.2,2.201,1.2,1.2,2.201,1.2,2.201,1.8,1.2,2.201,2.201,1.8,2.201,1.2,2.201,2.201,1.7
19.52227807044983,0.4985353946685791,7712,51.12596130371094,15582.99835611887,150.84312946581662,2.201,2.201,2.201,1.2,2.201,1.2,1.2,2.201,1.2,2.201,1.8,1.2,2.201,2.201,1.8,2.201,1.2,2.201,2.201,1.7
20.022791862487793,0.4983036518096924,7648,51.37571716308594,15387.549299625583,148.86410199827202,2.201,2.201,2.201,1.2,2.201,1.2,1.2,2.201,1.2,2.201,1.8,1.2,2.201,2.201,1.8,2.201,1.2,2.201,2.201,1.8
20.52333354949951,0.49811887741088867,8096,51.280029296875,15334.454040481896,157.8782249348943,2.201,2.201,2.201,1.2,2.201,1.2,1.2,2.201,1.2,2.201,1.8,1.2,2.201,2.201,1.8,2.201,1.2,2.201,2.201,1.8
21.02384042739868,0.4984297752380371,7840,51.44606018066406,15877.052377489857,152.39262195138227,2.201,2.201,2.201,1.2,2.201,1.2,1.2,2.201,1.2,2.201,1.8,1.2,2.201,2.201,1.8,2.201,1.2,2.201,2.201,1.8
21.524394273757935,0.4986095428466797,7584,51.39031982421875,15390.44930692896,147.5764312411592,2.201,2.201,2.201,1.2,2.201,1.2,1.2,2.201,1.2,2.201,1.8,1.2,2.201,2.201,1.8,2.201,1.2,2.201,2.201,1.8
22.024897575378418,0.4983952045440674,7712,51.403350830078125,15611.056674687077,150.02912991982237,2.201,2.201,2.201,1.2,2.201,1.2,1.2,2.201,1.2,2.201,1.8,1.2,2.201,2.201,1.8,2.201,1.2,2.201,2.201,1.8
22.52541971206665,0.4986233711242676,7616,51.281219482421875,15413.605480259206,148.51440891749084,2.201,2.201,2.201,1.2,2.201,1.2,1.2,2.201,1.2,2.201,1.8,1.2,2.201,2.201,1.8,2.201,1.2,2.201,2.201,1.8
23.025945901870728,0.49864792823791504,8192,51.02961730957031,15532.030283833197,160.5342236902027,2.201,2.201,2.201,1.2,2.201,1.2,1.2,2.201,1.2,2.201,1.8,1.2,2.201,2.201,1.8,2.201,1.2,2.201,2.201,1.8
23.52646780014038,0.4984750747680664,7712,51.53265380859375,15611.80712977036,149.65268485190884,2.201,2.201,2.201,1.2,2.201,1.2,1.2,2.201,1.2,2.201,1.8,1.2,2.201,2.201,1.8,2.201,1.2,2.201,2.201,1.8
24.02697992324829,0.498492956161499,7456,51.466461181640625,15109.10283241727,144.8710447311606,2.201,2.201,2.201,1.2,2.201,1.2,1.2,2.201,1.2,2.201,1.8,1.2,2.201,2.201,1.8,2.201,1.2,2.201,2.201,1.8
24.527500867843628,0.49857378005981445,7968,51.400360107421875,16111.801886881798,155.01836919717366,2.201,2.201,2.201,1.2,2.201,1.2,1.2,2.201,1.2,2.201,1.8,1.2,2.201,2.201,1.8,2.201,1.2,2.201,2.201,1.8
25.02804946899414,0.49857425689697266,7456,50.75166320800781,14818.415819725362,146.91144149190288,2.201,2.201,2.201,1.2,2.201,1.2,1.2,2.201,1.2,2.201,1.9,1.2,2.201,2.201,1.8,2.201,1.5,2.201,2.201,1.8
25.52856993675232,0.4982872009277344,7840,51.18499755859375,15860.696474632945,153.16988129236896,2.201,2.201,2.201,1.2,2.201,1.2,1.2,2.201,1.2,2.201,1.9,1.2,2.201,2.201,1.8,2.201,1.7,2.201,2.201,1.8
26.02907395362854,0.49852681159973145,7552,51.440185546875,15281.422573689342,146.81129003934524,2.201,2.201,2.201,1.2,2.201,1.2,1.2,2.201,1.2,2.201,1.9,1.2,2.201,2.201,1.8,2.201,1.7,2.201,2.201,1.8
26.529592037200928,0.4986073970794678,8256,51.28727722167969,15645.752154617865,160.97559564948205,2.201,2.201,2.201,1.2,2.201,1.2,1.2,2.201,1.2,2.201,1.9,1.2,2.201,2.201,1.8,2.201,1.7,2.201,2.201,1.8
27.030142307281494,0.49855709075927734,7648,51.56352233886719,15460.169634582451,148.32190767997912,2.201,2.201,2.201,1.2,2.201,1.2,1.2,2.201,1.2,2.201,1.9,1.2,2.201,2.201,1.8,2.201,1.7,2.201,2.201,1.8
27.53066396713257,0.4982929229736328,7232,50.349884033203125,15206.307735392244,143.63488891515365,2.201,2.201,2.201,1.2,2.201,1.2,1.2,2.201,1.2,2.201,2.1,1.4,2.201,2.201,1.8,2.201,1.7,2.201,2.201,1.8
28.031193256378174,0.4985051155090332,7648,50.60748291015625,14910.624812294836,151.12389631346687,2.0,2.201,2.201,1.2,2.201,1.2,1.2,2.201,1.2,2.201,2.201,1.4,2.201,2.201,2.0,2.201,1.8,2.201,2.201,1.8
28.531710386276245,0.49857425689697266,7712,51.40113830566406,15520.190820744343,150.03558781401907,2.0,2.201,2.201,1.2,2.201,1.2,1.2,2.201,1.2,2.201,2.201,1.4,2.201,2.201,2.0,2.201,1.8,2.201,2.201,1.8
29.032209634780884,0.4986283779144287,8096,51.78434753417969,15408.311318733606,156.34067793663567,2.0,2.201,2.201,1.2,2.201,1.2,1.2,2.201,1.2,2.201,2.201,1.4,2.201,2.201,2.0,2.201,1.8,2.201,2.201,1.8
29.532735586166382,0.4984474182128906,7712,51.47859191894531,15641.910110531546,149.80984740497158,2.0,2.201,2.201,1.2,2.201,1.2,1.2,2.201,1.2,2.201,2.201,1.2,2.201,2.201,2.0,2.201,1.8,2.201,2.201,1.8
30.033234357833862,0.4985048770904541,7680,51.35542297363281,15502.070938824363,149.54603730833077,2.0,2.201,2.201,1.2,2.201,1.2,1.7,2.201,1.2,2.201,2.201,1.2,2.201,2.201,2.0,2.201,1.8,2.201,2.201,1.8
30.53380298614502,0.49851489067077637,7648,51.339569091796875,15448.86067303308,148.96891686654243,2.0,2.201,2.201,1.2,2.201,1.2,1.7,2.201,1.2,2.201,2.201,1.2,2.201,2.201,2.0,2.201,1.8,2.201,2.201,1.8
31.03430438041687,0.49826574325561523,7808,51.51312255859375,15829.290324687992,151.57302862234312,2.0,2.201,2.201,1.2,2.201,1.2,1.7,2.201,1.2,2.201,2.201,1.2,2.201,2.201,2.0,2.201,1.8,2.201,2.201,1.8
31.53488802909851,0.49855613708496094,8160,51.77891540527344,15528.374078328074,157.59310399091407,2.0,2.201,2.201,1.2,2.201,1.2,1.7,2.201,1.2,2.201,2.201,1.2,2.201,2.201,2.0,2.201,1.7,2.201,2.201,1.8
32.03539562225342,0.498546838760376,7584,51.77430725097656,15343.546281679648,146.48192129807688,2.0,2.201,2.201,1.2,2.201,1.2,1.7,2.201,1.2,2.201,2.201,1.2,2.201,2.201,2.0,2.201,1.7,2.201,2.201,1.8
32.53591227531433,0.4985992908477783,7712,51.75193786621094,15654.68117796741,149.01857433700465,2.0,2.201,2.201,1.2,2.201,1.2,1.7,2.201,1.2,2.201,2.201,1.2,2.201,2.201,2.0,2.201,1.7,2.201,2.201,1.8
33.03641414642334,0.4986763000488281,7648,51.49798583984375,15571.34884800145,148.51066260697866,2.0,2.201,2.201,1.2,2.201,1.2,1.7,2.201,1.2,2.201,2.201,1.2,2.201,2.201,2.0,2.201,1.6,2.201,2.201,1.8
33.536961793899536,0.49863219261169434,8192,51.595306396484375,15581.164362373933,158.77413222529464,2.0,2.201,2.201,1.2,2.201,1.2,1.7,2.201,1.2,2.201,2.201,1.2,2.201,2.201,2.0,2.201,1.6,2.201,2.201,1.8
34.03746175765991,0.49844956398010254,7744,51.55158996582031,15651.046269274522,150.2184511696811,2.0,2.201,2.201,1.2,2.201,1.2,1.7,2.201,1.2,2.201,2.201,1.2,2.201,2.201,2.0,2.201,1.6,2.201,2.201,1.8
34.53803730010986,0.4986379146575928,7616,51.33790588378906,15475.810696802808,148.3504219521525,2.0,2.201,2.201,1.2,2.201,1.2,1.7,2.201,1.2,2.201,2.201,1.2,2.201,2.201,2.0,2.201,1.6,2.201,2.201,1.8
35.03853487968445,0.49852418899536133,7744,51.49107360839844,15638.029521238906,150.39499970217977,2.0,2.201,2.201,1.2,2.201,1.2,1.7,2.201,1.2,2.201,2.201,1.2,2.201,2.201,2.0,2.201,1.6,2.201,2.201,1.8
35.53908681869507,0.49838995933532715,7616,51.67469787597656,15471.002242660468,147.3835419082471,2.0,2.201,2.201,1.2,2.201,1.2,1.6,2.201,1.2,2.201,2.201,1.2,2.201,2.201,2.0,2.201,1.6,2.201,2.201,1.8
36.03959631919861,0.4982290267944336,7680,50.22593688964844,14945.332248833985,152.90904412343272,2.0,2.201,2.201,1.4,2.201,1.2,1.5,2.201,1.2,2.201,2.201,1.2,2.201,2.201,2.0,2.201,1.4,2.201,2.201,1.8
36.54015374183655,0.4986240863800049,7712,51.496917724609375,15674.472043815336,149.75653574533425,2.0,2.201,2.201,1.4,2.201,1.3,1.6,2.201,1.2,2.201,2.201,1.2,2.201,2.201,2.0,2.201,1.2,2.201,2.201,1.8
37.04068064689636,0.49867916107177734,7680,50.73394775390625,14987.242287872952,151.37793016331318,2.0,2.201,2.201,1.2,2.201,1.2,1.8,2.201,1.2,2.201,2.201,1.2,2.201,2.201,2.0,2.201,1.2,2.201,2.201,1.8
37.54124140739441,0.49840617179870605,7136,50.83062744140625,14873.849414636712,140.38780080426605,2.0,2.1,2.201,1.2,2.201,1.2,1.9,2.201,1.2,2.201,2.201,1.2,2.201,2.201,2.0,2.201,1.2,2.201,2.201,1.8
38.04178333282471,0.49869418144226074,7648,51.386566162109375,15283.469608802443,148.8326730350658,2.0,2.201,2.201,1.2,2.201,1.2,2.1,2.201,1.2,2.201,2.201,1.2,2.201,2.201,2.0,2.0,1.5,2.201,2.201,1.8
38.542316198349,0.49877333641052246,8192,51.14558410644531,15439.722557593326,160.17023059020363,2.0,2.201,2.201,1.2,2.201,1.2,2.1,2.201,1.2,2.201,2.201,1.2,2.201,2.201,2.0,1.9,1.7,2.201,2.201,1.8
39.04290175437927,0.49875330924987793,7712,51.44804382324219,15505.636937265663,149.89879938867617,2.0,2.201,2.201,1.2,2.201,1.2,2.1,2.201,1.2,2.201,2.201,1.2,2.201,2.201,2.0,1.9,1.7,2.201,2.201,1.8
39.543416023254395,0.4990239143371582,6848,49.38764953613281,13689.799605086497,138.65814762028492,1.8,2.201,2.201,1.2,2.201,1.2,2.201,2.201,1.2,2.201,2.201,1.4,2.201,2.201,2.201,2.0,1.7,2.201,2.201,1.8
40.04395580291748,0.49885058403015137,7936,50.98802185058594,15956.760998206846,155.6443986639737,1.8,2.0,2.201,1.2,2.201,1.2,2.201,2.201,1.2,2.201,2.201,1.5,2.201,2.201,2.201,2.0,1.7,2.201,2.201,1.8
40.54449462890625,0.49886059761047363,7488,51.43522644042969,15150.38167770164,145.58116135976022,1.8,1.9,2.201,1.2,2.201,1.2,2.201,2.201,1.2,2.201,2.201,1.5,2.201,2.201,2.201,2.0,1.7,2.201,2.201,1.8
41.045027017593384,0.49882078170776367,7872,51.679046630859375,15970.10500328769,152.32479144263763,1.8,1.8,2.201,1.2,2.201,1.2,2.201,2.201,1.2,2.201,2.201,1.5,2.201,2.201,2.201,2.0,1.7,2.201,2.201,1.8
41.545574426651,0.49829578399658203,7392,49.02442932128906,14656.915960951725,150.78196936379214,1.8,1.6,2.201,1.2,2.201,1.2,2.201,2.201,1.4,2.201,2.201,1.5,2.201,2.201,2.201,2.201,1.7,2.201,2.201,1.8
42.046085357666016,0.49853515625,7136,51.26268005371094,15387.421504810061,139.20458299338216,1.8,1.7,2.201,1.2,2.201,1.2,2.201,2.201,1.2,2.201,2.201,1.3,2.201,2.201,2.201,2.201,1.7,2.201,2.1,1.8
42.54663801193237,0.49822092056274414,8160,51.15394592285156,15369.975031661015,159.51848587216716,1.8,1.7,2.201,1.2,2.201,1.2,2.201,2.201,1.3,2.201,2.201,1.5,2.201,2.201,2.201,2.201,1.5,2.201,2.0,1.8
43.047178983688354,0.49852848052978516,7040,51.495361328125,15262.72024665028,136.71134289439374,1.8,1.7,2.201,1.2,2.201,1.2,2.201,2.201,1.2,2.201,2.201,1.5,2.201,2.201,2.201,2.201,1.5,2.201,2.0,1.8
43.547699213027954,0.4985189437866211,7264,49.699462890625,14532.308471469387,146.1585211893756,1.7,1.9,2.201,1.2,2.201,1.4,2.201,2.201,1.2,2.201,2.201,1.6,2.201,2.201,2.201,2.201,1.2,2.201,2.0,1.8
44.048256158828735,0.49825286865234375,8256,50.22137451171875,14951.716343051805,164.39215533763476,1.7,2.201,2.201,1.2,2.201,1.6,2.201,2.201,1.2,2.201,2.201,1.6,2.201,2.201,2.201,2.201,1.2,2.201,2.0,1.8
44.54877471923828,0.49849653244018555,7200,51.161773681640625,15578.433123088913,140.73007016532964,1.7,2.201,2.201,1.2,2.201,1.7,2.201,2.201,1.2,2.201,2.201,1.5,2.201,2.201,2.201,2.201,1.2,2.201,2.0,1.8
45.0492959022522,0.4986088275909424,7616,50.264801025390625,13937.85277294101,151.51755989549972,1.6,2.201,2.201,1.2,2.201,1.7,2.201,2.201,1.2,2.201,2.201,1.5,2.201,2.201,2.201,2.201,1.3,2.201,2.0,1.8
45.549816608428955,0.498624324798584,7648,51.29437255859375,16258.52606306492,149.10017646211895,1.5,2.201,2.201,1.2,2.201,1.7,2.201,2.201,1.2,2.201,2.201,1.4,2.201,2.201,2.201,2.201,1.4,2.201,1.9,1.8
46.05036282539368,0.4984917640686035,8256,51.54386901855469,15672.097503532157,160.1742390938487,1.7,2.201,2.201,1.2,2.201,1.7,2.201,2.201,1.2,2.201,2.201,1.2,2.201,2.201,2.201,2.201,1.4,2.201,1.9,1.8
46.550888538360596,0.49832963943481445,7136,51.78230285644531,15545.682280235093,137.8076988924757,1.7,2.201,2.201,1.2,2.201,1.7,2.201,2.201,1.2,2.201,2.201,1.2,2.201,2.201,2.201,2.201,1.4,2.201,1.9,1.8
47.05148386955261,0.4984774589538574,8096,51.78936767578125,15369.558587710424,156.32552323642307,1.7,2.201,2.201,1.2,2.201,1.7,2.201,2.201,1.2,2.201,2.201,1.2,2.201,2.201,2.201,2.201,1.4,2.201,1.9,1.7
47.55204463005066,0.498629093170166,8224,51.63938903808594,15642.973763087788,159.258274607674,1.7,2.201,2.201,1.2,2.201,1.7,2.201,2.201,1.2,2.201,2.201,1.2,2.201,2.201,2.201,2.201,1.4,2.201,1.9,1.6
48.052557706832886,0.4982926845550537,7136,52.06614685058594,15432.439648245941,137.0564259436781,1.7,2.201,2.201,1.2,2.201,1.7,2.201,2.201,1.2,2.201,2.201,1.2,2.201,2.201,2.201,2.201,1.4,2.201,1.9,1.6
48.55309820175171,0.49865055084228516,8256,51.28596496582031,15631.93976626118,160.97971453792937,1.7,2.201,2.201,1.2,2.201,1.7,2.201,2.201,1.2,2.201,2.201,1.2,2.201,2.201,2.201,2.201,1.2,2.201,1.9,1.6
49.05361270904541,0.4983634948730469,7168,51.739959716796875,15512.6837980782,138.5389559488385,1.7,2.201,2.201,1.2,2.201,1.7,2.201,2.201,1.2,2.201,2.201,1.2,2.201,2.201,2.201,2.201,1.2,2.201,1.9,1.6
49.55412817001343,0.4985647201538086,8128,51.55572509765625,15392.101935141613,157.65465396139882,1.7,2.201,2.201,1.2,2.201,1.7,2.201,2.201,1.2,2.201,2.201,1.2,2.201,2.201,2.201,2.201,1.2,2.201,1.9,1.6
50.05464553833008,0.49840736389160156,7168,51.55914306640625,15546.184410587684,139.02480867007202,1.7,2.201,2.201,1.2,2.201,1.7,2.201,2.201,1.2,2.201,2.201,1.2,2.201,2.201,2.201,2.201,1.2,2.201,1.9,1.5
