0.50335693359375,0.49845409393310547,54671959,0.0,0,0,2.201,2.201,2.201,2.201,2.201,1.2,2.201,2.201,1.3,2.201,2.201,2.201,1.5,1.9,2.201,2.201,2.201,1.3,2.201,2.201
1.0039856433868408,0.4957437515258789,974800,44.69633483886719,1944572.668639165,21809.39451778785,2.201,2.201,2.201,2.201,2.201,1.2,2.201,2.201,1.2,2.201,2.201,2.201,1.9,1.9,2.201,2.201,2.201,1.2,2.201,2.201
1.5046439170837402,0.4933760166168213,1118666,41.06336975097656,2229732.035206941,27242.430584338395,2.201,2.201,2.201,2.1,2.201,1.2,2.201,2.201,1.2,2.201,2.201,2.201,1.9,1.9,2.201,2.201,2.201,1.7,2.201,2.201
2.0053153038024902,0.4952077865600586,1113305,40.29713439941406,2229154.7082088613,27627.39873672476,2.201,2.201,2.201,2.201,2.201,1.7,2.201,2.201,1.2,2.201,2.201,2.201,1.9,1.9,2.201,2.201,2.201,2.201,2.201,2.201
2.5060033798217773,0.495227575302124,1116718,41.15757751464844,2230338.519667001,27132.743650972843,2.201,2.201,2.1,2.1,2.201,2.201,2.201,2.201,1.2,2.201,2.201,2.1,1.9,1.9,2.201,2.201,2.201,2.201,2.201,2.201
3.006713390350342,0.49523234367370605,1116188,41.259033203125,2229575.7478189515,27053.17874281792,2.201,2.201,1.4,2.0,2.201,2.201,2.201,2.201,1.2,2.201,2.201,1.9,1.9,1.9,2.201,2.201,2.201,2.201,2.201,2.201
3.5075058937072754,0.49529004096984863,1115682,41.12199401855469,2228023.559794149,27131.028701978612,2.201,2.201,1.2,1.8,2.201,2.201,2.201,2.1,1.2,2.201,2.201,1.8,1.9,1.9,2.201,2.201,2.201,2.201,2.201,2.201
4.008222341537476,0.49492335319519043,1116859,40.86763000488281,2229094.3777543865,27328.69510335097,2.201,2.201,1.2,1.6,2.201,2.201,2.201,2.201,1.2,2.201,2.201,2.201,2.1,1.9,2.201,2.201,2.201,2.201,2.201,2.201
4.508881330490112,0.49542856216430664,1115387,41.067779541015625,2228969.2715763394,27159.661721813558,2.201,2.201,1.2,1.5,2.201,2.201,2.201,2.201,1.2,2.201,2.0,2.201,2.1,1.9,2.201,2.201,2.201,2.201,2.201,2.201
5.00956130027771,0.4953651428222656,1116346,41.17439270019531,2229613.276709419,27112.628184427467,2.201,2.201,1.2,1.4,2.201,2.201,2.201,2.201,1.2,2.201,2.201,2.201,2.1,1.9,2.1,2.201,2.201,2.201,2.201,2.201
5.510224103927612,0.4950754642486572,1114612,41.49298095703125,2225990.77741809,26862.66386004551,2.201,2.201,1.2,1.2,2.201,2.201,2.201,2.201,1.2,2.201,2.201,2.201,2.1,1.9,1.9,2.201,2.201,2.201,2.201,2.201
6.010919094085693,0.4952425956726074,1116194,41.10540771484375,2229602.0383493113,27154.432033450586,2.201,2.201,1.2,1.2,2.201,2.201,2.201,2.201,1.2,2.201,2.201,2.201,1.9,1.9,1.8,2.201,2.201,2.201,2.201,2.201
6.5116095542907715,0.4951920509338379,1116364,41.27227783203125,2229656.385362805,27048.761508714073,2.201,2.201,1.2,1.2,2.201,2.201,2.201,2.201,1.2,2.201,2.201,2.201,2.201,1.9,1.7,2.201,2.201,2.201,2.201,2.201
7.012310981750488,0.49506163597106934,1116256,41.31463623046875,2228580.515351058,27018.41530863541,2.201,2.201,1.2,1.2,2.201,2.201,2.201,2.201,1.2,2.201,2.201,2.201,2.201,1.9,1.4,2.201,2.201,2.201,2.201,2.201
7.513001441955566,0.4949936866760254,1115185,41.30754089355469,2227963.581814175,26997.128753651006,2.201,2.201,1.2,1.2,2.201,2.201,2.201,2.201,1.2,2.201,2.201,2.201,2.201,1.9,1.3,2.201,2.201,2.201,2.201,2.201
8.013685464859009,0.4948914051055908,1115602,41.28456115722656,2228143.8071604944,27022.256473827674,2.201,2.201,1.2,1.2,2.201,2.201,2.201,2.201,1.2,2.201,2.1,2.201,2.201,1.9,1.3,2.201,2.201,2.201,2.201,2.201
8.514423370361328,0.4949350357055664,1116352,41.020538330078125,2229653.5656665484,27214.464886274785,2.201,2.201,1.2,1.2,2.201,2.201,2.201,2.201,1.2,2.201,2.0,2.201,2.201,1.9,1.2,2.201,2.201,2.201,2.201,2.201
9.015129089355469,0.49495601654052734,1115888,41.099517822265625,2228463.230060768,27150.878139876102,2.201,2.201,1.2,1.2,2.201,2.201,2.201,2.201,1.2,2.201,1.9,2.201,2.201,1.9,1.2,2.201,2.201,2.201,2.201,2.201
9.515650987625122,0.494734525680542,1115313,40.900787353515625,2227317.422606676,27268.74156138056,2.201,2.201,1.5,1.4,2.201,2.201,2.201,2.201,1.2,2.201,1.9,2.201,2.201,1.9,1.4,2.201,2.201,2.201,2.201,2.0
10.015862464904785,0.49854469299316406,826315,46.820465087890625,1652055.5126495517,17648.58590039323,2.201,2.201,2.1,1.4,2.201,2.201,2.201,2.201,1.2,2.201,1.9,2.201,2.201,1.9,2.0,2.201,2.201,2.201,2.201,1.6
10.516375303268433,0.4986722469329834,724469,49.518096923828125,1448522.7082440264,14630.388585296889,2.201,2.201,2.201,1.2,2.201,2.201,2.201,2.201,1.2,2.201,1.9,2.201,2.201,1.9,2.201,2.201,2.201,2.201,2.201,1.4
11.016895294189453,0.4982461929321289,720111,49.511016845703125,1437573.0965969255,14544.45991776264,2.201,2.201,2.201,1.2,2.201,2.201,2.201,2.201,1.2,2.201,1.9,2.201,2.201,1.9,2.201,2.201,2.201,2.201,2.201,1.5
11.517417430877686,0.49866700172424316,720110,49.28131103515625,1439920.4164930398,14612.233012354089,2.201,2.201,2.201,1.2,2.201,2.201,2.201,2.201,1.2,2.201,1.9,2.201,2.201,1.9,2.201,2.201,2.201,2.201,2.201,2.1
12.017940759658813,0.4985377788543701,723746,49.610687255859375,1445542.9933661558,14588.509856100018,2.201,2.201,2.201,1.2,2.201,2.201,2.201,2.201,1.2,2.201,2.0,2.201,2.201,1.9,2.201,2.201,2.201,2.201,2.201,2.201
12.518458366394043,0.4986708164215088,724635,49.7313232421875,1448196.7630474207,14570.997768772137,2.201,2.1,2.201,1.2,2.201,2.201,2.201,2.201,1.2,2.201,2.0,2.201,2.201,1.9,2.201,2.201,2.201,2.201,2.201,2.201
13.0191171169281,0.4984407424926758,717244,49.81175231933594,1432591.2760680316,14399.091913126294,2.201,1.8,2.201,1.2,2.201,2.201,2.201,2.201,1.2,2.201,2.201,2.201,2.201,1.9,2.201,2.201,2.201,2.201,2.201,2.201
13.519974946975708,0.4950850009918213,1037218,42.93644714355469,2070767.0068474645,24157.05231809567,2.201,1.6,2.0,1.2,2.201,2.201,2.201,2.201,1.2,2.201,2.201,2.201,2.201,1.9,2.201,2.201,2.201,2.201,2.201,2.201
14.020705223083496,0.4950902462005615,1116859,41.611297607421875,2229923.377729387,26840.282909149046,2.201,1.2,2.201,1.2,2.201,2.201,2.201,2.201,1.2,2.201,2.201,2.1,2.201,1.9,2.201,2.201,2.201,2.201,2.201,2.201
14.521371603012085,0.4938619136810303,1118297,40.683746337890625,2229882.7856764533,27487.562003563056,2.201,1.2,2.201,1.2,2.201,2.201,2.201,2.201,1.2,2.201,2.1,2.201,2.201,1.9,2.201,2.201,2.201,2.201,2.201,2.201
15.022043704986572,0.4942753314971924,1116239,41.08961486816406,2229805.1664473964,27165.964041801082,2.201,1.2,2.201,1.2,2.201,2.201,2.201,2.201,1.2,2.201,2.1,2.1,2.201,1.9,2.201,2.201,2.201,2.201,2.201,2.201
15.522765636444092,0.4951324462890625,1114176,41.57566833496094,2228521.8027204424,26798.75140006085,2.201,1.2,2.201,1.2,2.201,2.201,2.201,2.201,1.2,2.201,2.1,1.8,2.201,1.9,2.201,2.201,2.201,2.201,2.201,2.201
16.023439645767212,0.4928429126739502,1119621,41.56712341308594,2229198.900310258,26935.253346098205,2.201,1.2,2.201,1.2,2.201,2.201,2.201,2.201,1.2,2.201,1.9,1.5,2.201,1.9,2.201,2.201,2.201,2.201,2.201,2.201
16.52415108680725,0.4951913356781006,1113793,40.26679992675781,2230711.72927692,27660.3306452438,2.201,1.2,2.201,1.2,2.201,2.201,2.201,2.201,1.2,2.201,1.8,1.8,2.201,1.9,2.201,2.201,2.201,2.201,2.201,2.201
17.024861812591553,0.49511146545410156,1116304,40.9930419921875,2229919.1425046464,27231.54822744666,2.201,1.2,2.201,1.2,2.201,2.201,2.201,2.201,1.5,2.201,1.9,2.0,2.201,1.9,2.201,2.201,2.201,2.201,2.201,2.201
17.52553653717041,0.4934420585632324,1117428,40.88519287109375,2228008.8238826366,27330.87265903625,2.201,1.2,2.201,1.2,2.201,2.201,2.201,2.201,1.2,2.201,1.9,2.201,2.201,1.9,2.201,2.201,2.201,2.201,2.201,2.201
18.026244640350342,0.4950547218322754,1114367,40.35655212402344,2229643.8802105105,27613.037817882363,2.201,1.2,2.201,1.2,2.201,2.201,2.201,2.201,1.2,2.201,1.9,2.201,2.201,1.9,2.201,2.201,2.201,2.201,2.201,2.201
18.528042554855347,0.4943511486053467,1115855,40.37005615234375,2228145.9146981766,27640.660091953258,2.201,1.2,2.201,1.2,2.201,2.201,2.201,2.201,1.2,2.201,1.9,2.201,2.201,1.9,2.201,2.201,2.201,2.201,2.201,2.201
19.028772830963135,0.49469876289367676,1118975,41.21781921386719,2229666.3262726343,27147.84579441155,2.201,1.2,2.201,1.2,2.201,2.201,2.201,2.201,1.5,2.201,1.8,2.201,2.201,1.9,2.201,2.201,2.201,2.201,2.201,2.201
19.529402494430542,0.4936084747314453,1117474,40.94374084472656,2229068.392133843,27292.914055847134,2.201,1.2,2.201,1.2,2.201,2.201,2.201,2.201,2.0,2.201,1.8,2.201,2.201,1.9,2.201,2.1,2.201,2.201,2.201,2.201
20.030069828033447,0.4950292110443115,1114058,40.88446044921875,2228440.509067459,27248.934870590623,2.201,1.2,2.201,1.2,2.201,2.201,2.201,2.201,1.4,2.201,1.9,2.201,2.201,1.9,2.201,2.1,2.201,2.201,2.201,2.201
20.530757188796997,0.4951493740081787,1115316,40.83476257324219,2227792.2885730695,27312.905223816182,2.201,1.2,2.201,1.2,2.201,2.201,2.201,2.201,1.2,2.201,1.9,2.201,2.201,1.9,2.201,2.0,2.201,2.201,2.201,2.201
21.031439781188965,0.4937725067138672,1117638,41.21543884277344,2229260.436862408,27116.974400382067,2.201,1.2,2.201,1.2,2.201,2.201,2.201,2.201,1.2,2.201,2.201,2.201,2.201,1.9,2.201,2.0,2.201,2.201,2.201,2.201
21.532132148742676,0.4935927391052246,1114404,41.08964538574219,2227735.222433944,27121.28541237521,2.201,1.2,2.201,1.2,2.201,2.201,2.201,2.201,1.2,2.201,2.201,2.201,2.1,1.9,2.201,2.0,2.201,2.201,2.201,2.201
22.032671689987183,0.4951052665710449,1116160,40.83795166015625,2230078.8881323533,27331.439375030826,2.201,1.2,2.201,1.2,2.201,2.201,2.201,2.201,1.2,2.201,2.201,2.201,2.1,1.9,2.201,2.0,2.201,2.201,2.201,2.201
22.533193588256836,0.4984395503997803,765197,48.53779602050781,1529295.2690026888,15764.972098788641,2.201,1.2,2.201,1.2,2.201,2.201,2.201,2.201,1.2,2.201,2.201,2.201,2.0,1.9,2.0,2.0,2.201,2.201,2.201,2.201
23.033713817596436,0.49858689308166504,720932,50.074371337890625,1440886.7472704097,14397.225182026003,2.1,1.2,2.201,1.2,2.201,2.201,2.201,2.201,1.2,2.201,2.201,2.201,2.201,1.9,2.201,2.0,2.201,2.201,2.201,2.201
23.53423285484314,0.4985318183898926,726362,50.00604248046875,1450850.725648701,14525.484600860003,2.1,1.2,2.201,1.2,2.201,2.201,2.201,2.201,1.2,2.201,2.201,2.201,2.201,1.9,2.201,2.0,2.201,2.201,2.201,2.201
24.03475594520569,0.498638391494751,724495,50.04173278808594,1447906.6649502693,14477.816007452277,2.0,1.2,2.201,1.2,2.201,2.201,2.201,2.201,1.2,2.201,2.201,2.201,2.1,1.9,2.201,2.0,2.201,2.201,2.201,2.201
24.53527593612671,0.49846959114074707,724617,50.074493408203125,1447338.9750464312,14470.780444905997,2.0,1.2,2.201,1.2,2.201,2.201,2.201,2.201,1.8,2.201,2.0,2.201,2.1,1.8,2.201,2.0,2.201,2.201,2.201,2.201
25.03584575653076,0.4985344409942627,720564,50.05641174316406,1440000.8975185195,14395.039015124843,2.201,1.2,2.201,1.2,2.201,2.201,2.201,2.201,2.201,2.201,2.201,2.201,2.1,1.8,2.201,2.0,2.201,2.201,2.201,2.201
25.5366268157959,0.49868249893188477,721703,50.09877014160156,1441759.3432060585,14405.603130778341,2.201,1.2,2.201,1.2,2.1,2.201,2.201,2.201,2.201,2.201,2.201,2.201,2.1,1.8,2.201,2.0,2.201,2.201,2.201,2.201
26.037294626235962,0.49515843391418457,1108004,41.871978759765625,2210888.496592824,26461.706201109133,2.201,1.2,2.201,1.2,2.201,2.201,2.201,2.201,2.201,2.201,2.201,2.201,2.1,1.8,2.201,2.0,2.201,2.201,2.201,2.201
26.53801393508911,0.4950897693634033,1116577,41.80192565917969,2230213.3901071404,26711.137881630104,2.201,1.2,2.201,1.2,2.201,2.201,2.201,2.201,2.201,2.201,2.0,2.201,2.1,1.8,2.201,2.0,2.201,2.201,2.201,2.201
27.0386745929718,0.4946897029876709,1117063,41.00386047363281,2230830.271437674,27242.87389277207,2.201,1.2,2.201,1.2,2.201,2.201,2.201,2.201,2.201,2.201,2.201,2.201,2.1,1.8,2.201,1.9,2.201,2.201,2.201,2.201
27.53928804397583,0.4951443672180176,1116616,41.04295349121094,2230351.960673986,27206.034288909435,2.201,1.2,2.201,1.2,2.201,2.201,2.201,2.201,2.201,2.201,2.201,2.201,2.1,1.8,2.201,1.9,2.201,2.201,2.201,2.201
28.039971113204956,0.49490952491760254,1116352,41.03651428222656,2230238.744382538,27203.870005194527,2.201,1.2,2.201,1.2,2.201,2.201,2.201,2.201,2.201,2.201,2.201,2.201,2.1,1.8,2.201,1.8,2.201,2.201,2.201,2.201
28.540632963180542,0.49498867988586426,1116653,41.348480224609375,2229929.996307554,27005.901884040748,2.201,1.2,2.201,1.2,2.201,2.201,2.201,2.201,2.201,2.201,2.201,2.201,2.1,1.8,2.201,1.8,2.201,2.201,2.201,2.201
29.041327238082886,0.4950277805328369,1116579,41.53253173828125,2230275.8738086773,26884.443429458213,2.201,1.2,2.201,1.2,2.201,2.201,2.201,2.201,2.201,2.201,2.201,2.201,2.201,1.8,2.1,1.8,2.201,2.201,2.201,2.201
29.54199504852295,0.49672603607177734,1115642,40.95550537109375,2228179.868121824,27240.342657019588,2.201,1.3,2.201,1.2,2.201,2.201,2.201,2.1,2.201,2.201,2.201,2.201,2.201,1.8,2.201,1.8,2.201,2.201,2.201,2.201
30.042612552642822,0.49547314643859863,1116511,41.23945617675781,2229869.1082487316,27073.85362247467,2.201,1.5,2.201,1.2,2.201,2.201,2.201,2.201,2.201,2.201,2.201,1.7,2.201,1.7,2.201,1.8,2.201,2.201,2.201,2.201
30.543293952941895,0.49631309509277344,1116083,41.51007080078125,2229692.000057038,26887.041589410983,2.201,1.6,2.201,1.2,2.201,2.201,2.201,2.201,2.201,2.201,2.201,1.5,2.201,1.7,2.201,1.8,2.201,2.201,2.201,2.201
31.043998956680298,0.49287986755371094,1116598,41.40943908691406,2229021.5003420683,26964.81827866294,2.201,1.6,2.201,1.2,2.201,2.201,2.201,2.201,2.201,2.201,2.201,1.4,2.201,1.6,2.201,1.8,2.201,2.201,2.201,2.201
31.5446720123291,0.49593496322631836,1115644,41.27384948730469,2229061.3090891233,27030.287066951627,2.201,1.4,2.201,1.2,2.201,2.201,2.201,2.201,2.201,2.201,2.201,1.4,2.201,1.6,2.201,1.8,2.201,2.201,2.201,2.201
32.04536056518555,0.49508023262023926,1116615,41.27496337890625,2229716.654140886,27053.08275502071,2.201,1.5,2.201,1.2,2.201,2.201,2.201,2.201,2.201,2.201,2.201,1.2,2.201,1.6,2.201,1.8,2.201,2.201,2.201,2.201
32.54604482650757,0.4953653812408447,1116304,41.59510803222656,2229667.798007321,26837.38672189824,2.201,1.5,2.201,1.2,2.201,2.201,2.201,2.201,2.201,2.201,2.201,1.2,2.201,1.6,2.201,1.8,2.201,2.201,2.201,2.201
33.046764850616455,0.4949486255645752,1115387,40.47203063964844,2227630.8081863183,27559.452351948727,2.201,1.9,2.201,1.4,2.201,2.201,2.201,2.201,1.7,2.201,2.201,1.2,2.201,1.6,2.201,1.8,2.201,2.201,2.201,2.201
33.54739451408386,0.4955432415008545,1115103,40.37396240234375,2227454.7721288376,27619.3599450934,2.201,2.0,2.201,1.6,2.201,2.201,2.201,2.201,1.2,2.201,2.201,1.2,2.201,1.6,2.201,1.7,2.201,2.201,2.201,2.201
34.047967195510864,0.49274253845214844,1115796,40.24458312988281,2227650.6413904205,27725.371049290057,2.201,2.201,2.201,1.6,2.201,2.201,2.201,2.201,1.2,2.201,2.201,1.2,2.201,1.6,2.201,1.7,2.201,2.201,2.201,2.201
34.54850959777832,0.4983482360839844,1088503,41.531402587890625,2176978.175016558,26209.155775475218,2.201,2.201,2.201,1.5,2.201,2.201,2.201,2.201,1.2,2.201,2.201,1.2,2.201,1.6,2.201,1.6,2.201,2.201,2.201,2.201
35.04904055595398,0.4983499050140381,718369,49.7890625,1435178.249099991,14428.249176212144,2.201,2.201,2.201,1.4,2.201,2.201,2.201,2.201,1.2,2.201,2.201,1.2,2.201,1.6,2.201,1.6,2.201,2.201,2.201,2.201
35.549596309661865,0.4976332187652588,714871,49.98612976074219,1428152.180192941,14301.387273263976,2.201,2.201,2.201,1.2,2.201,2.201,2.201,2.201,1.2,2.201,2.201,1.3,2.201,1.6,2.201,1.6,2.201,2.201,2.201,2.201
36.0501184463501,0.49865078926086426,723245,50.09197998046875,1445040.2357743045,14438.339236779995,2.201,2.201,2.201,1.2,2.201,2.201,2.201,2.201,1.2,2.201,2.201,1.5,2.201,1.6,2.201,1.6,2.201,2.201,2.201,2.201
36.55067706108093,0.4987332820892334,722808,50.12940979003906,1444202.1734782634,14418.841215713359,2.201,2.201,2.201,1.2,2.201,2.201,2.201,2.201,1.2,2.201,2.201,1.5,2.201,1.6,2.201,1.6,2.201,2.201,2.201,2.201
37.05119752883911,0.49836301803588867,715151,49.79920959472656,1428633.2212839746,14360.689774396142,2.201,2.201,2.201,1.2,2.201,2.201,2.201,2.201,1.2,2.201,2.201,1.2,2.201,1.6,2.201,1.6,2.201,2.201,2.201,2.201
37.551939725875854,0.49848365783691406,714117,49.90057373046875,1426766.6946502854,14310.79738395809,2.201,2.201,2.201,1.2,2.201,2.201,2.201,2.201,1.2,2.201,2.201,1.3,2.201,1.6,2.201,1.6,2.201,2.201,2.201,2.201
38.0526225566864,0.49561357498168945,747185,48.58819580078125,1491169.0983531747,15377.912015164515,2.201,2.201,2.201,1.2,2.201,2.201,2.201,2.201,1.2,2.201,2.201,1.2,2.201,1.5,2.201,1.6,2.201,2.201,2.201,2.201
38.553308725357056,0.49443483352661133,1115770,40.35777282714844,2228405.9833175763,27646.96666436033,2.201,2.201,2.201,1.2,2.201,2.201,2.201,2.201,1.2,2.201,2.201,1.7,2.201,1.4,2.201,1.6,2.201,2.201,2.201,2.201
39.05400800704956,0.49507999420166016,1115331,40.11895751953125,2227558.1119330325,27800.597746265455,2.201,2.201,2.201,1.2,2.201,2.201,2.201,2.201,1.2,2.201,2.201,2.201,2.201,1.2,2.201,1.6,2.201,2.201,2.201,2.201
39.554688930511475,0.49510860443115234,1115456,40.1767578125,2227878.6177183767,27763.71366763083,2.201,2.201,2.201,1.2,2.201,2.201,2.201,2.201,1.2,2.201,2.201,2.201,2.201,1.2,2.201,1.6,2.201,2.201,2.201,2.201
40.055375814437866,0.4955306053161621,1114833,40.412628173828125,2226967.013646708,27586.253366267923,2.201,2.201,2.201,1.2,2.201,2.201,2.201,2.201,1.2,2.201,2.201,2.201,2.201,1.3,2.201,1.6,2.201,2.201,2.201,2.201
40.55598831176758,0.49507784843444824,1115372,40.25379943847656,2226867.4851904646,27708.49001979854,2.201,2.201,2.201,1.2,2.201,2.201,2.201,2.201,1.2,2.201,2.201,2.201,2.201,1.2,2.201,1.6,2.201,2.201,2.201,2.201
41.05666399002075,0.495607852935791,1114445,40.06529235839844,2226934.186250819,27815.72114914048,2.1,2.201,2.201,1.2,2.201,2.201,2.201,2.201,1.2,2.201,2.201,2.201,2.201,1.4,2.201,1.6,2.201,2.201,2.0,2.201
41.557345390319824,0.49509596824645996,1115629,40.38763427734375,2228076.5169883077,27623.034128191914,2.201,2.201,2.201,1.2,2.201,2.201,2.201,2.201,1.2,2.201,2.201,2.201,2.201,2.1,1.9,1.6,2.201,2.201,2.0,2.201
42.0580735206604,0.49641895294189453,1115010,40.792236328125,2226902.4041492012,27333.877726905466,2.201,2.201,2.201,1.2,2.201,2.201,2.201,2.201,1.2,2.201,2.201,2.0,2.201,2.201,1.7,1.6,2.201,2.201,2.201,2.201
42.55874156951904,0.49587082862854004,1115874,41.06486511230469,2228416.3142792457,27173.448566025832,2.201,2.201,2.201,1.2,2.201,2.201,2.201,2.201,1.2,2.201,2.201,1.4,2.201,2.201,2.201,1.6,2.201,2.201,2.201,2.201
43.05946183204651,0.49538445472717285,1115292,41.348785400390625,2227572.1915859864,26972.787451925098,2.201,2.201,2.201,1.2,2.201,2.201,2.201,2.201,1.2,2.201,2.201,1.2,2.201,2.201,2.201,1.6,2.201,2.201,2.201,2.201
43.560112714767456,0.49529170989990234,1116064,41.28300476074219,2228285.1226159153,27034.46627657573,2.201,2.201,2.201,1.2,2.201,2.201,2.201,2.201,1.2,2.201,2.201,1.2,2.201,2.201,2.201,1.6,2.201,2.201,2.201,2.201
44.060824394226074,0.495180606842041,1115030,41.416473388671875,2227667.283510823,26922.379159037235,2.201,2.201,2.201,1.2,2.201,2.201,2.201,2.201,1.2,2.201,2.201,1.2,2.201,2.201,2.201,1.6,2.201,2.201,2.201,2.201
44.561503887176514,0.49536657333374023,1115921,41.41920471191406,2228673.989744169,26942.115565995162,2.201,2.1,2.201,1.2,2.201,2.201,2.201,2.201,1.2,2.201,2.201,1.2,2.201,2.201,2.201,1.6,2.201,2.201,2.201,2.201
45.062227964401245,0.4958529472351074,1115388,41.24134826660156,2228094.0080358814,27045.381561962015,2.201,2.1,2.201,1.2,2.201,2.201,2.201,2.201,1.2,2.201,2.201,1.2,2.1,2.201,2.201,1.6,2.201,2.201,2.201,2.201
45.562904357910156,0.4958927631378174,1115901,41.45646667480469,2228620.989023773,26917.416979923008,2.201,2.1,2.201,1.2,2.201,2.201,2.201,2.201,1.2,2.201,2.201,1.2,2.0,2.201,2.201,1.6,2.201,2.201,2.201,2.201
46.06363010406494,0.49356985092163086,1117624,41.60302734375,2228305.599045452,26864.006572538525,2.201,2.1,2.201,1.2,2.201,2.201,2.201,2.201,1.2,2.201,2.201,1.2,1.8,2.201,2.201,1.6,2.201,2.201,2.201,2.201
46.563849449157715,0.49315667152404785,1117969,41.292266845703125,2229744.8461367413,27074.536841910773,2.201,2.0,2.201,1.2,2.201,2.201,2.201,2.201,1.2,2.201,2.201,1.2,1.8,2.201,2.201,1.6,2.201,2.201,2.201,2.201
47.06436491012573,0.4983854293823242,1040778,42.70515441894531,2087393.1363278797,24371.25012568223,2.201,2.201,2.201,1.2,2.201,2.201,2.201,2.201,1.2,2.201,2.201,1.2,1.7,2.201,2.201,1.6,2.201,2.201,2.201,2.201
47.564881801605225,0.49849510192871094,720409,49.99720764160156,1439566.5630239754,14408.984700988854,2.201,2.201,2.201,1.2,2.201,2.201,2.201,2.201,1.2,2.201,2.201,1.4,1.7,2.201,2.201,1.6,2.201,2.201,2.201,2.201
48.065404415130615,0.498460054397583,724536,50.09161376953125,1447478.0567063568,14464.217570101657,2.201,2.201,2.201,1.2,2.201,2.201,2.201,2.201,1.2,2.201,2.201,1.6,1.6,2.201,2.201,1.6,2.201,2.201,2.201,2.201
48.565922260284424,0.4985172748565674,730784,50.189483642578125,1460180.9542007963,14560.500466676274,2.201,2.201,2.201,1.2,2.201,2.201,2.201,2.201,1.2,2.201,2.201,1.6,1.6,2.201,2.201,1.6,2.201,2.201,2.201,2.201
49.066442012786865,0.49846959114074707,732620,50.168975830078125,1463609.0738484552,14603.048754301411,2.201,2.201,2.201,1.2,2.201,2.201,2.201,2.201,1.2,2.201,2.201,1.7,1.6,2.201,2.201,1.6,2.201,2.201,2.201,2.201
49.56696271896362,0.4984395503997803,733117,50.138458251953125,1464798.3788862838,14621.849685045745,2.201,2.201,2.201,1.2,2.201,2.201,2.201,2.201,1.2,2.201,2.201,1.4,1.6,2.201,2.201,1.6,2.201,2.201,2.201,2.201
50.06759285926819,0.49849653244018555,729073,50.18083190917969,1457149.3741638148,14528.914174231319,2.201,2.201,2.201,1.2,2.201,2.201,2.201,2.201,1.2,2.201,2.201,1.3,1.6,2.201,2.201,1.6,2.201,2.201,2.201,2.201
