0.5103199481964111,0.4943530559539795,56169803,0.038970947265625,9.658454830025313,1441325062.4150352,2.201,2.201,2.201,2.201,2.201,2.201,2.201,2.201,2.201,2.201,2.201,2.201,2.201,2.201,2.201,2.201,2.201,2.201,2.201,2.201
1.0110208988189697,0.49463891983032227,1117032,41.46327209472656,2230140.041055615,26940.27614241443,2.201,2.201,2.201,2.201,2.201,2.201,2.201,2.201,2.201,2.201,2.201,2.201,2.201,2.201,2.201,2.201,2.201,2.201,2.201,2.201
1.5118536949157715,0.49442100524902344,1117027,41.97395324707031,2229660.607984032,26612.38490987184,2.201,2.201,2.201,2.201,2.201,2.201,2.201,2.201,2.201,2.201,2.201,2.201,2.201,2.201,2.201,2.201,2.201,2.201,2.201,2.201
2.01242995262146,0.4945235252380371,1116865,41.4609375,2231249.9117723843,26937.76521575278,2.201,2.201,2.201,2.201,2.201,2.201,2.201,2.201,2.201,2.201,2.201,2.201,2.201,2.201,2.201,2.201,2.201,2.201,2.201,2.201
2.513155460357666,0.49474453926086426,1116712,41.298583984375,2231106.125416675,27039.958571521467,2.201,2.201,2.201,2.201,2.201,2.201,2.201,2.201,2.201,2.201,2.201,2.201,2.201,2.201,2.201,2.201,2.201,2.201,2.201,2.201
3.013878345489502,0.4937269687652588,1117896,40.926788330078125,2228603.685001864,27314.530301866616,2.201,2.201,2.201,2.201,2.201,2.201,2.201,2.201,2.201,2.201,2.201,2.201,2.201,2.201,2.201,2.201,2.201,2.201,2.201,2.201
3.5145530700683594,0.49379515647888184,1115032,40.74415588378906,2227042.951491871,27366.673227451483,2.201,2.201,2.201,2.201,2.201,2.201,2.201,2.201,2.201,2.201,2.201,2.201,2.201,2.201,2.201,2.201,2.201,2.201,2.201,2.201
4.015270233154297,0.49378228187561035,1116302,41.44282531738281,2229421.2239194196,26935.953122186806,2.201,2.201,2.201,2.201,2.201,2.201,2.201,2.201,2.201,2.201,2.201,2.201,2.201,2.201,2.201,2.201,2.201,2.201,2.201,2.201
4.515950441360474,0.49416685104370117,1115359,41.33280944824219,2229518.2349330797,26984.833958520918,2.201,2.201,2.201,2.201,2.201,2.201,2.201,2.201,2.201,2.201,2.201,2.201,2.201,2.201,2.201,2.201,2.201,2.201,2.201,2.201
5.016632556915283,0.4949910640716553,1114503,41.24345397949219,2227581.6936469614,27022.542790770465,2.201,2.201,2.201,2.201,2.201,2.201,2.201,2.201,2.201,2.201,2.201,2.201,2.201,2.201,2.201,2.201,2.201,2.201,2.201,2.201
5.517308235168457,0.49506592750549316,1116213,41.20741271972656,2229619.778659668,27087.674918878205,2.201,2.201,2.201,2.201,2.201,2.201,2.201,2.201,2.201,2.201,2.201,2.201,2.201,2.201,2.201,2.201,2.201,2.201,2.201,2.201
6.017971992492676,0.49657392501831055,1116272,41.3131103515625,2229912.4610458184,27019.80050644581,2.201,2.201,2.201,2.201,2.201,2.201,2.201,2.201,2.201,2.201,2.201,2.201,2.201,2.201,2.201,2.201,2.201,2.201,2.201,2.201
6.518627405166626,0.49663567543029785,1116587,41.20863342285156,2230241.1383931586,27095.94828206109,2.201,2.201,2.201,2.201,2.201,2.201,2.201,2.201,2.201,2.201,2.201,2.201,2.201,2.201,2.201,2.201,2.201,2.201,2.201,2.201
7.019296646118164,0.4967620372772217,1115544,41.08995056152344,2227988.185512109,27148.827992131817,2.201,2.201,2.201,2.201,2.201,2.201,2.201,2.201,2.201,2.201,2.201,2.201,2.201,2.201,2.201,2.201,2.201,2.201,2.201,2.201
7.5199134349823,0.4971156120300293,1117133,41.3687744140625,2231496.064148833,27004.25661196897,2.201,2.201,2.201,2.201,2.201,2.201,2.201,2.201,2.201,2.201,2.201,2.201,2.201,2.201,2.201,2.201,2.201,2.201,2.201,2.201
8.020613431930542,0.4935264587402344,1119680,40.83827209472656,2232465.760574816,27417.41857742762,2.201,2.201,2.201,2.201,2.201,2.201,2.201,2.201,2.201,2.201,2.201,2.201,2.201,2.201,2.201,2.201,2.201,2.201,2.201,2.201
8.521163702011108,0.493213415145874,1117719,40.91864013671875,2232485.977167913,27315.64383042641,2.201,2.201,2.201,2.201,2.201,2.201,2.201,2.201,2.201,2.201,2.201,2.201,2.201,2.201,2.201,2.201,2.201,2.201,2.201,2.201
9.021684169769287,0.499039888381958,1041436,42.52119445800781,2085297.0455996892,24492.16239747168,2.201,2.201,2.201,2.201,2.201,2.201,2.201,2.201,2.201,2.201,2.201,2.201,2.201,2.201,2.201,2.201,2.201,2.201,2.201,2.201
9.522205352783203,0.4985072612762451,729545,50.54139709472656,1457100.1756338652,14434.602957901217,2.201,2.201,2.201,2.201,2.201,2.201,2.201,2.201,2.201,2.201,2.201,2.201,2.201,2.201,2.201,2.201,2.201,2.201,2.201,2.201
10.022721767425537,0.49853515625,732035,50.26597595214844,1462610.1656804602,14563.230617403577,2.201,2.201,2.201,2.201,2.201,2.201,2.201,2.201,2.201,2.201,2.201,2.201,2.201,2.201,2.201,2.201,2.201,2.201,2.201,2.201
10.523234844207764,0.4984579086303711,737131,50.61347961425781,1472710.2104083193,14563.926559049503,2.201,2.201,2.201,2.201,2.201,2.201,2.201,2.201,2.201,2.201,2.201,2.201,2.201,2.201,2.201,2.201,2.201,2.201,2.201,2.201
11.023782730102539,0.49860119819641113,735342,50.324920654296875,1469609.0578177318,14611.885929267026,2.201,2.201,2.201,2.201,2.201,2.201,2.201,2.201,2.201,2.201,2.201,2.201,2.201,2.201,2.201,2.201,2.201,2.201,2.201,2.201
11.52432370185852,0.498490571975708,734064,50.55583190917969,1466087.810120604,14519.867882279119,2.201,2.201,2.201,2.201,2.201,2.201,2.201,2.201,2.201,2.201,2.201,2.201,2.201,2.201,2.201,2.201,2.201,2.201,2.201,2.201
12.025018453598022,0.49908995628356934,735233,50.40193176269531,1469407.8321898847,14587.397234329384,2.201,2.201,2.201,2.201,2.201,2.201,2.201,2.201,2.201,2.201,2.201,2.201,2.201,2.201,2.201,2.201,2.201,2.201,2.201,2.201
12.525728702545166,0.493915319442749,878531,47.176177978515625,1750813.9037624625,18622.34368371447,2.201,2.201,2.201,2.201,2.201,2.201,2.201,2.201,2.201,2.201,2.201,2.201,2.201,2.201,2.201,2.201,2.201,2.201,2.201,2.201
13.026422262191772,0.49494147300720215,1115420,41.27903747558594,2230531.0823358297,27021.463391914207,2.201,2.201,2.201,2.201,2.201,2.201,2.201,2.201,2.201,2.201,2.201,2.201,2.201,2.201,2.201,2.201,2.201,2.201,2.201,2.201
13.5271475315094,0.49503517150878906,1116528,41.43775939941406,2230454.04622705,26944.700104026088,2.201,2.201,2.201,2.201,2.201,2.201,2.201,2.201,2.201,2.201,2.201,2.201,2.201,2.201,2.201,2.201,2.201,2.201,2.201,2.201
14.02779245376587,0.49352502822875977,1119354,41.018096923828125,2231813.898794579,27289.27190548784,2.201,2.201,2.201,2.201,2.201,2.201,2.201,2.201,2.201,2.201,2.201,2.201,2.201,2.201,2.201,2.201,2.201,2.201,2.201,2.201
14.528529405593872,0.4970383644104004,1115254,40.77644348144531,2231640.328895989,27350.44807199723,2.201,2.201,2.201,2.201,2.201,2.201,2.201,2.201,2.201,2.201,2.201,2.201,2.201,2.201,2.201,2.201,2.201,2.201,2.201,2.201
15.02921748161316,0.49334144592285156,1119069,40.78125,2230754.231411007,27440.772413793104,2.201,2.201,2.201,2.201,2.201,2.201,2.201,2.201,2.201,2.201,2.201,2.201,2.201,2.201,2.201,2.201,2.201,2.201,2.201,2.201
15.529889583587646,0.4949336051940918,1115318,41.23109436035156,2231103.9380048425,27050.409825466737,2.201,2.201,2.201,2.201,2.201,2.201,2.201,2.201,2.201,2.201,2.201,2.201,2.201,2.201,2.201,2.201,2.201,2.201,2.201,2.201
16.030553340911865,0.4951210021972656,1116927,41.01280212402344,2231132.2036974556,27233.618337571595,2.201,2.201,2.201,2.201,2.201,2.201,2.201,2.201,2.201,2.201,2.201,2.201,2.201,2.201,2.201,2.201,2.201,2.201,2.201,2.201
16.531205415725708,0.4945206642150879,1117648,41.20201110839844,2231943.139611981,27126.05452825053,2.201,2.201,2.201,2.201,2.201,2.201,2.201,2.201,2.201,2.201,2.201,2.201,2.201,2.201,2.201,2.201,2.201,2.201,2.201,2.201
17.03188920021057,0.4951608180999756,1116722,41.10569763183594,2230782.140882619,27167.08544888216,2.201,2.201,2.201,2.201,2.201,2.201,2.201,2.201,2.201,2.201,2.201,2.201,2.201,2.201,2.201,2.201,2.201,2.201,2.201,2.201
17.532614707946777,0.4952080249786377,1116799,41.1212158203125,2230598.303875598,27158.705736719457,2.201,2.201,2.201,2.201,2.201,2.201,2.201,2.201,2.201,2.201,2.201,2.201,2.201,2.201,2.201,2.201,2.201,2.201,2.201,2.201
18.033278226852417,0.4939877986907959,1118805,40.71543884277344,2231095.5254752524,27478.642790032856,2.201,2.201,2.201,2.201,2.201,2.201,2.201,2.201,2.201,2.201,2.201,2.201,2.201,2.201,2.201,2.201,2.201,2.201,2.201,2.201
18.533971786499023,0.4936661720275879,1116779,40.597808837890625,2229642.7030651364,27508.35653370758,2.201,2.201,2.201,2.201,2.201,2.201,2.201,2.201,2.201,2.201,2.201,2.201,2.201,2.201,2.201,2.201,2.201,2.201,2.201,2.201
19.0346417427063,0.4938240051269531,1116267,40.98939514160156,2229573.9919148884,27233.068361798338,2.201,2.201,2.201,2.201,2.201,2.201,2.201,2.201,2.201,2.201,2.201,2.201,2.201,2.201,2.201,2.201,2.201,2.201,2.201,2.201
19.535337686538696,0.49375081062316895,1116975,40.5799560546875,2231231.818413579,27525.28855612142,2.201,2.201,2.201,2.201,2.201,2.201,2.201,2.201,2.201,2.201,2.201,2.201,2.201,2.201,2.201,2.201,2.201,2.201,2.201,2.201
20.035992860794067,0.49371933937072754,1117599,40.68060302734375,2231717.047763086,27472.527859255137,2.201,2.201,2.201,2.201,2.201,2.201,2.201,2.201,2.201,2.201,2.201,2.201,2.201,2.201,2.201,2.201,2.201,2.201,2.201,2.201
20.53671646118164,0.4936702251434326,1117075,40.473419189453125,2231608.418186677,27600.21323553252,2.201,2.201,2.201,2.201,2.201,2.201,2.201,2.201,2.201,2.201,2.201,2.201,2.201,2.201,2.201,2.201,2.201,2.201,2.201,2.201
21.037230253219604,0.49376845359802246,1116946,40.577850341796875,2229956.2151694354,27526.00225472021,2.201,2.201,2.201,2.201,2.201,2.201,2.201,2.201,2.201,2.201,2.201,2.201,2.201,2.201,2.201,2.201,2.201,2.201,2.201,2.201
21.537741899490356,0.4984934329986572,931221,45.163543701171875,1864881.375463597,20618.864767598767,2.201,2.201,2.201,2.201,2.201,2.201,2.201,2.201,2.201,2.201,2.201,2.201,2.201,2.201,2.201,2.201,2.201,2.201,2.201,2.201
22.038252115249634,0.49854183197021484,735562,50.681488037109375,1469667.7975744617,14513.425483115569,2.201,2.201,2.201,2.201,2.201,2.201,2.201,2.201,2.201,2.201,2.201,2.201,2.201,2.201,2.201,2.201,2.201,2.201,2.201,2.201
22.538764476776123,0.4984745979309082,736855,50.63505554199219,1472224.9384292657,14552.270005686443,2.201,2.201,2.201,2.201,2.201,2.201,2.201,2.201,2.201,2.201,2.201,2.201,2.201,2.201,2.201,2.201,2.201,2.201,2.201,2.201
23.039275407791138,0.49841880798339844,736510,50.52952575683594,1471385.136493703,14575.834405102456,2.201,2.201,2.201,2.201,2.201,2.201,2.201,2.201,2.201,2.201,2.201,2.201,2.201,2.201,2.201,2.201,2.201,2.201,2.201,2.201
23.539787769317627,0.4984729290008545,736226,50.62864685058594,1471064.4827847024,14541.68826934547,2.201,2.201,2.201,2.201,2.201,2.201,2.201,2.201,2.201,2.201,2.201,2.201,2.201,2.201,2.201,2.201,2.201,2.201,2.201,2.201
24.040287971496582,0.49852776527404785,737161,50.699920654296875,1472835.7078195072,14539.68744894919,2.201,2.201,2.201,2.201,2.201,2.201,2.201,2.201,2.201,2.201,2.201,2.201,2.201,2.201,2.201,2.201,2.201,2.201,2.201,2.201
24.541011095046997,0.49852824211120605,737780,50.71391296386719,1474039.5483743753,14547.881574936959,2.201,2.201,2.201,2.201,2.201,2.201,2.201,2.201,2.201,2.201,2.201,2.201,2.201,2.201,2.201,2.201,2.201,2.201,2.201,2.201
25.041736364364624,0.4938688278198242,1007343,44.00236511230469,2007752.3458029912,22892.92853756876,2.201,2.201,2.201,2.201,2.201,2.201,2.201,2.201,2.201,2.201,2.201,2.201,2.201,2.201,2.201,2.201,2.201,2.201,2.201,2.201
25.542405366897583,0.4936952590942383,1117138,40.860443115234375,2231055.360055843,27340.330031406025,2.201,2.201,2.201,2.201,2.201,2.201,2.201,2.201,2.201,2.201,2.201,2.201,2.201,2.201,2.201,2.201,2.201,2.201,2.201,2.201
26.043057441711426,0.4951181411743164,1114843,41.06974792480469,2230122.5777278678,27145.114258825874,2.201,2.201,2.201,2.201,2.201,2.201,2.201,2.201,2.201,2.201,2.201,2.201,2.201,2.201,2.201,2.201,2.201,2.201,2.201,2.201
26.5438871383667,0.4954197406768799,1116369,41.35894775390625,2230246.257478635,26992.200252351966,2.201,2.201,2.201,2.201,2.201,2.201,2.201,2.201,2.201,2.201,2.201,2.201,2.201,2.201,2.201,2.201,2.201,2.201,2.201,2.201
27.04455876350403,0.493924617767334,1117822,41.291748046875,2227915.48234036,27071.31697914634,2.201,2.201,2.201,2.201,2.201,2.201,2.201,2.201,2.201,2.201,2.201,2.201,2.201,2.201,2.201,2.201,2.201,2.201,2.201,2.201
27.545241594314575,0.4953649044036865,1114803,41.42839050292969,2230402.4700638284,26909.155447908714,2.201,2.201,2.201,2.201,2.201,2.201,2.201,2.201,2.201,2.201,2.201,2.201,2.201,2.201,2.201,2.201,2.201,2.201,2.201,2.201
28.045891761779785,0.4952535629272461,1116573,41.280059814453125,2230061.9840786327,27048.72534145557,2.201,2.201,2.201,2.201,2.201,2.201,2.201,2.201,2.201,2.201,2.201,2.201,2.201,2.201,2.201,2.201,2.201,2.201,2.201,2.201
28.546603441238403,0.4951052665710449,1116508,41.22367858886719,2229977.2680938244,27084.142857195737,2.201,2.201,2.201,2.201,2.201,2.201,2.201,2.201,2.201,2.201,2.201,2.201,2.201,2.201,2.201,2.201,2.201,2.201,2.201,2.201
29.04728627204895,0.49339962005615234,1118158,41.25834655761719,2228435.0232365606,27101.37689203068,2.201,2.201,2.201,2.201,2.201,2.201,2.201,2.201,2.201,2.201,2.201,2.201,2.201,2.201,2.201,2.201,2.201,2.201,2.201,2.201
29.547952890396118,0.4948914051055908,1113657,41.22613525390625,2228649.335902452,27013.373752866613,2.201,2.201,2.201,2.201,2.201,2.201,2.201,2.201,2.201,2.201,2.201,2.201,2.201,2.201,2.201,2.201,2.201,2.201,2.201,2.201
30.048592805862427,0.49505066871643066,1115512,41.188568115234375,2228766.1529215085,27083.048793517217,2.201,2.201,2.201,2.201,2.201,2.201,2.201,2.201,2.201,2.201,2.201,2.201,2.201,2.201,2.201,2.201,2.201,2.201,2.201,2.201
30.549297094345093,0.49494290351867676,1116121,41.12721252441406,2229320.6261780243,27138.26032672272,2.201,2.201,2.201,2.201,2.201,2.201,2.201,2.201,2.201,2.201,2.201,2.201,2.201,2.201,2.201,2.201,2.201,2.201,2.201,2.201
31.049970149993896,0.4949500560760498,1115243,41.45494079589844,2227148.7423169455,26902.535104098915,2.201,2.201,2.201,2.201,2.201,2.201,2.201,2.201,2.201,2.201,2.201,2.201,2.201,2.201,2.201,2.201,2.201,2.201,2.201,2.201
31.550676107406616,0.49483203887939453,1116261,41.35050964355469,2229445.3813969814,26995.096544692573,2.201,2.201,2.201,2.201,2.201,2.201,2.201,2.201,2.201,2.201,2.201,2.201,2.201,2.201,2.201,2.201,2.201,2.201,2.201,2.201
32.05132532119751,0.495070219039917,1116207,41.4432373046875,2229535.6335642263,26933.39305985514,2.201,2.201,2.201,2.201,2.201,2.201,2.201,2.201,2.201,2.201,2.201,2.201,2.201,2.201,2.201,2.201,2.201,2.201,2.201,2.201
32.551992416381836,0.49497365951538086,1117015,41.277069091796875,2230529.3955720803,27061.393276636205,2.201,2.201,2.201,2.201,2.201,2.201,2.201,2.201,2.201,2.201,2.201,2.201,2.201,2.201,2.201,2.201,2.201,2.201,2.201,2.201
33.052642583847046,0.49538660049438477,1114288,40.97605895996094,2226137.358095997,27193.63521730598,2.201,2.201,2.201,2.201,2.201,2.201,2.201,2.201,2.201,2.201,2.201,2.201,2.201,2.201,2.201,2.201,2.201,2.201,2.201,2.201
33.55314660072327,0.4971456527709961,1116050,41.43829345703125,2229495.422880971,26932.817616084252,2.201,2.201,2.201,2.201,2.201,2.201,2.201,2.201,2.201,2.201,2.201,2.201,2.201,2.201,2.201,2.201,2.201,2.201,2.201,2.201
34.05369544029236,0.49910426139831543,804402,48.25923156738281,1608096.0998486618,16668.35492141725,2.201,2.201,2.201,2.201,2.201,2.201,2.201,2.201,2.201,2.201,2.201,2.201,2.201,2.201,2.201,2.201,2.201,2.201,2.201,2.201
34.55424094200134,0.4991159439086914,728592,50.15142822265625,1455603.4743950206,14527.841495665592,2.201,2.201,2.201,2.201,2.201,2.201,2.201,2.201,2.201,2.201,2.201,2.201,2.201,2.201,2.201,2.201,2.201,2.201,2.201,2.201
35.05478763580322,0.4991495609283447,727662,50.067596435546875,1453747.7206529046,14533.59162021559,2.201,2.201,2.201,2.201,2.201,2.201,2.201,2.201,2.201,2.201,2.201,2.201,2.201,2.201,2.201,2.201,2.201,2.201,2.201,2.201
35.55533719062805,0.4991750717163086,709429,49.59771728515625,1417345.7403099062,14303.662322223849,2.201,2.201,2.201,2.201,2.201,2.201,2.201,2.201,2.201,2.201,2.201,2.201,2.201,2.201,2.201,2.201,2.201,2.201,2.201,2.201
36.05589032173157,0.49904727935791016,722634,49.89854431152344,1443629.0923841512,14482.065759042931,2.201,2.201,2.201,2.201,2.201,2.201,2.201,2.201,2.201,2.201,2.201,2.201,2.201,2.201,2.201,2.201,2.201,2.201,2.201,2.201
36.556416749954224,0.49907660484313965,731542,50.05781555175781,1461453.02641968,14613.941737901334,2.201,2.201,2.201,2.201,2.201,2.201,2.201,2.201,2.201,2.201,2.201,2.201,2.201,2.201,2.201,2.201,2.201,2.201,2.201,2.201
37.057085037231445,0.4986698627471924,727646,50.19004821777344,1453676.2037502546,14497.814324520294,2.201,2.201,2.201,2.201,2.201,2.201,2.201,2.201,2.201,2.201,2.201,2.201,2.201,2.201,2.201,2.201,2.201,2.201,2.201,2.201
37.557777643203735,0.4951305389404297,1084315,42.36643981933594,2164342.6358923865,25593.72476478709,2.201,2.201,2.201,2.201,2.201,2.201,2.201,2.201,2.201,2.201,2.201,2.201,2.201,2.201,2.201,2.201,2.201,2.201,2.201,2.201
38.058489084243774,0.49532437324523926,1116680,41.536163330078125,2230474.8165312805,26884.524483544774,2.201,2.201,2.201,2.201,2.201,2.201,2.201,2.201,2.201,2.201,2.201,2.201,2.201,2.201,2.201,2.201,2.201,2.201,2.201,2.201
38.55923771858215,0.49512791633605957,1116764,41.34211730957031,2230013.256353228,27012.743242869168,2.201,2.201,2.201,2.201,2.201,2.201,2.201,2.201,2.201,2.201,2.201,2.201,2.201,2.201,2.201,2.201,2.201,2.201,2.201,2.201
39.059913635253906,0.49502062797546387,1115762,41.40739440917969,2227622.519990743,26945.9601580882,2.201,2.201,2.201,2.201,2.201,2.201,2.201,2.201,2.201,2.201,2.201,2.201,2.201,2.201,2.201,2.201,2.201,2.201,2.201,2.201
39.5606107711792,0.49497008323669434,1116243,41.1116943359375,2230236.321942597,27151.471571052327,2.201,2.201,2.201,2.201,2.201,2.201,2.201,2.201,2.201,2.201,2.201,2.201,2.201,2.201,2.201,2.201,2.201,2.201,2.201,2.201
40.06128191947937,0.4951331615447998,1116914,41.454681396484375,2230578.445725651,26943.01252294081,2.201,2.201,2.201,2.201,2.201,2.201,2.201,2.201,2.201,2.201,2.201,2.201,2.201,2.201,2.201,2.201,2.201,2.201,2.201,2.201
40.561952114105225,0.4952070713043213,1116618,41.063323974609375,2230513.4005903285,27192.586764053412,2.201,2.201,2.201,2.201,2.201,2.201,2.201,2.201,2.201,2.201,2.201,2.201,2.201,2.201,2.201,2.201,2.201,2.201,2.201,2.201
41.0626437664032,0.49504542350769043,1116027,41.072357177734375,2228502.4198057614,27172.21695289031,2.201,2.201,2.201,2.201,2.201,2.201,2.201,2.201,2.201,2.201,2.201,2.201,2.201,2.201,2.201,2.201,2.201,2.201,2.201,2.201
41.563305139541626,0.49515199661254883,1116026,41.445770263671875,2229410.4643249875,26927.379872542053,2.201,2.201,2.201,2.201,2.201,2.201,2.201,2.201,2.201,2.201,2.201,2.201,2.201,2.201,2.201,2.201,2.201,2.201,2.201,2.201
42.0639545917511,0.49515604972839355,1117049,41.23228454589844,2230679.4242526647,27091.610671160783,2.201,2.201,2.201,2.201,2.201,2.201,2.201,2.201,2.201,2.201,2.201,2.201,2.201,2.201,2.201,2.201,2.201,2.201,2.201,2.201
42.56463265419006,0.4951207637786865,1116553,41.0789794921875,2230729.93822202,27180.641140619104,2.201,2.201,2.201,2.201,2.201,2.201,2.201,2.201,2.201,2.201,2.201,2.201,2.201,2.201,2.201,2.201,2.201,2.201,2.201,2.201
43.06533241271973,0.4949049949645996,1115946,41.36628723144531,2228537.4066503146,26977.185401151834,2.201,2.201,2.201,2.201,2.201,2.201,2.201,2.201,2.201,2.201,2.201,2.201,2.201,2.201,2.201,2.201,2.201,2.201,2.201,2.201
43.566014766693115,0.49524474143981934,1116393,41.593536376953125,2230028.7890639096,26840.540556166572,2.201,2.201,2.201,2.201,2.201,2.201,2.201,2.201,2.201,2.201,2.201,2.201,2.201,2.201,2.201,2.201,2.201,2.201,2.201,2.201
44.06672716140747,0.49526095390319824,1116949,41.5496826171875,2230828.1991252354,26882.251070143226,2.201,2.201,2.201,2.201,2.201,2.201,2.201,2.201,2.201,2.201,2.201,2.201,2.201,2.201,2.201,2.201,2.201,2.201,2.201,2.201
44.56744027137756,0.4951627254486084,1116903,41.39179992675781,2230726.367130382,26983.677974293063,2.201,2.201,2.201,2.201,2.201,2.201,2.201,2.201,2.201,2.201,2.201,2.201,2.201,2.201,2.201,2.201,2.201,2.201,2.201,2.201
45.06813883781433,0.4949028491973877,1116105,41.48695373535156,2228458.02638845,26902.553682772632,2.201,2.201,2.201,2.201,2.201,2.201,2.201,2.201,2.201,2.201,2.201,2.201,2.201,2.201,2.201,2.201,2.201,2.201,2.201,2.201
45.568650245666504,0.4950094223022461,1116780,41.37370300292969,2230588.353810197,26992.5077753113,2.201,2.201,2.201,2.201,2.201,2.201,2.201,2.201,2.201,2.201,2.201,2.201,2.201,2.201,2.201,2.201,2.201,2.201,2.201,2.201
46.069154024124146,0.4986410140991211,1111532,41.41737365722656,2222433.045677801,26837.33665005237,2.201,2.201,2.201,2.201,2.201,2.201,2.201,2.201,2.201,2.201,2.201,2.201,2.201,2.201,2.201,2.201,2.201,2.201,2.201,2.201
46.569660663604736,0.4987003803253174,727411,50.14164733886719,1453420.4683220605,14507.122095211836,2.201,2.201,2.201,2.201,2.201,2.201,2.201,2.201,2.201,2.201,2.201,2.201,2.201,2.201,2.201,2.201,2.201,2.201,2.201,2.201
47.07016658782959,0.4987056255340576,728178,50.2169189453125,1454849.0453835265,14500.650682950189,2.201,2.201,2.201,2.201,2.201,2.201,2.201,2.201,2.201,2.201,2.201,2.201,2.201,2.201,2.201,2.201,2.201,2.201,2.201,2.201
47.570671796798706,0.49869465827941895,731204,50.3983154296875,1460937.181874027,14508.500805351896,2.201,2.201,2.201,2.201,2.201,2.201,2.201,2.201,2.201,2.201,2.201,2.201,2.201,2.201,2.201,2.201,2.201,2.201,2.201,2.201
48.071176290512085,0.4986758232116699,731342,50.32377624511719,1461256.9477131483,14532.732926038329,2.201,2.201,2.201,2.201,2.201,2.201,2.201,2.201,2.201,2.201,2.201,2.201,2.201,2.201,2.201,2.201,2.201,2.201,2.201,2.201
48.571685791015625,0.49866199493408203,731457,50.38786315917969,1461430.4411544257,14516.531445067696,2.201,2.201,2.201,2.201,2.201,2.201,2.201,2.201,2.201,2.201,2.201,2.201,2.201,2.201,2.201,2.201,2.201,2.201,2.201,2.201
49.072354555130005,0.4986536502838135,731803,50.14277648925781,1461954.6587513138,14594.385298085272,2.201,2.201,2.201,2.201,2.201,2.201,2.201,2.201,2.201,2.201,2.201,2.201,2.201,2.201,2.201,2.201,2.201,2.201,2.201,2.201
49.573023319244385,0.49529528617858887,802689,48.9283447265625,1602498.6204933026,16405.398639292853,2.201,2.201,2.201,2.201,2.201,2.201,2.201,2.201,2.201,2.201,2.201,2.201,2.201,2.201,2.201,2.201,2.201,2.201,2.201,2.201
50.07372164726257,0.49530673027038574,1117082,41.55595397949219,2231234.196277389,26881.394674546,2.201,2.201,2.201,2.201,2.201,2.201,2.201,2.201,2.201,2.201,2.201,2.201,2.201,2.201,2.201,2.201,2.201,2.201,2.201,2.201
