0.5125424861907959,0.49388647079467773,40338115,0.0,0,0,1.2,1.2,1.2,1.2,1.2,1.2,1.2,1.2,1.2,1.2,1.2,1.2,1.2,1.2,1.2,1.2,1.2,1.2,1.2,1.2
1.0131950378417969,0.49405646324157715,1118001,24.247817993164062,2231600.4170540683,46107.28273839677,1.2,1.2,1.2,1.2,1.2,1.2,1.2,1.2,1.2,1.2,1.2,1.2,1.2,1.2,1.2,1.2,1.2,1.2,1.2,1.2
1.5138704776763916,0.49379825592041016,1117340,24.06085205078125,2231436.996487016,46438.08945925172,1.2,1.2,1.2,1.2,1.2,1.2,1.2,1.2,1.2,1.2,1.2,1.2,1.2,1.2,1.2,1.2,1.2,1.2,1.2,1.2
2.0145347118377686,0.4939882755279541,1115294,23.9525146484375,2227876.7068303647,46562.710277801845,1.2,1.2,1.2,1.2,1.2,1.2,1.2,1.2,1.2,1.2,1.2,1.2,1.2,1.2,1.2,1.2,1.2,1.2,1.2,1.2
2.5152108669281006,0.49416279792785645,1117103,23.846206665039062,2231048.9424917162,46846.15107516389,1.2,1.2,1.2,1.2,1.2,1.2,1.2,1.2,1.2,1.2,1.2,1.2,1.2,1.2,1.2,1.2,1.2,1.2,1.2,1.2
3.0158939361572266,0.4939744472503662,1116848,24.037750244140625,2230987.1589175956,46462.25161076544,1.2,1.2,1.2,1.2,1.2,1.2,1.2,1.2,1.2,1.2,1.2,1.2,1.2,1.2,1.2,1.2,1.2,1.2,1.2,1.2
3.5165975093841553,0.4939839839935303,1116411,23.926040649414062,2230023.3663438065,46660.917130362745,1.2,1.2,1.2,1.2,1.2,1.2,1.2,1.2,1.2,1.2,1.2,1.2,1.2,1.2,1.2,1.2,1.2,1.2,1.2,1.2
4.017291069030762,0.4941740036010742,1117015,23.944793701171875,2230395.023551524,46649.59798527446,1.2,1.2,1.2,1.2,1.2,1.2,1.2,1.2,1.2,1.2,1.2,1.2,1.2,1.2,1.2,1.2,1.2,1.2,1.2,1.2
4.517788648605347,0.4940061569213867,1116885,23.955947875976562,2231104.9547080607,46622.45074927849,1.2,1.2,1.2,1.2,1.2,1.2,1.2,1.2,1.2,1.2,1.2,1.2,1.2,1.2,1.2,1.2,1.2,1.2,1.2,1.2
5.018289804458618,0.49726223945617676,870926,25.44268798828125,1740729.0149408528,34230.895745022826,1.2,1.2,1.2,1.2,1.2,1.2,1.2,1.2,1.2,1.2,1.2,1.2,1.2,1.2,1.2,1.2,1.2,1.2,1.2,1.2
5.5187907218933105,0.49732494354248047,377848,27.64776611328125,755015.6081531246,13666.492925751852,1.2,1.2,1.2,1.2,1.2,1.2,1.2,1.2,1.2,1.2,1.2,1.2,1.2,1.2,1.2,1.2,1.2,1.2,1.2,1.2
6.019026517868042,0.4969632625579834,380105,27.7628173828125,758817.1932452662,13691.153702409061,1.2,1.2,1.2,1.2,1.2,1.2,1.2,1.2,1.2,1.2,1.2,1.2,1.2,1.2,1.2,1.2,1.2,1.2,1.2,1.2
6.519529819488525,0.49738168716430664,377299,27.538330078125,754857.0133614342,13700.867079798221,1.2,1.2,1.2,1.2,1.2,1.2,1.2,1.2,1.2,1.2,1.2,1.2,1.2,1.2,1.2,1.2,1.2,1.2,1.2,1.2
7.02005672454834,0.497406005859375,379204,27.65875244140625,757643.1171985925,13710.090532945245,1.2,1.2,1.2,1.2,1.2,1.2,1.2,1.2,1.2,1.2,1.2,1.2,1.2,1.2,1.2,1.2,1.2,1.2,1.2,1.2
7.520560026168823,0.49741601943969727,380465,27.718124389648438,760146.8732067244,13726.217353367812,1.2,1.2,1.2,1.2,1.2,1.2,1.2,1.2,1.2,1.2,1.2,1.2,1.2,1.2,1.2,1.2,1.2,1.2,1.2,1.2
8.021086692810059,0.4973256587982178,379110,27.662811279296875,757435.1212339285,13704.680850124938,1.2,1.2,1.2,1.2,1.2,1.2,1.2,1.2,1.2,1.2,1.2,1.2,1.2,1.2,1.2,1.2,1.2,1.2,1.2,1.2
8.52158808708191,0.49734020233154297,378399,27.513137817382812,756007.838177641,13753.393106653482,1.2,1.2,1.2,1.2,1.2,1.2,1.2,1.2,1.2,1.2,1.2,1.2,1.2,1.2,1.2,1.2,1.2,1.2,1.2,1.2
9.02211594581604,0.49732422828674316,380764,27.724655151367188,760752.2216643771,13733.768659020574,1.2,1.2,1.2,1.2,1.2,1.2,1.2,1.2,1.2,1.2,1.2,1.2,1.2,1.2,1.2,1.2,1.2,1.2,1.2,1.2
9.522619724273682,0.4973163604736328,379898,27.325653076171875,759010.0180235539,13902.613743247484,1.2,1.2,1.2,1.2,1.2,1.2,1.2,1.2,1.2,1.2,1.2,1.2,1.2,1.2,1.2,1.2,1.2,1.2,1.2,1.2
10.02314805984497,0.49732184410095215,378988,27.462905883789062,757204.1557406611,13799.996315164553,1.2,1.2,1.2,1.2,1.2,1.2,1.2,1.2,1.2,1.2,1.2,1.2,1.2,1.2,1.2,1.2,1.2,1.2,1.2,1.2
10.523678541183472,0.49741244316101074,380605,27.5587158203125,760413.4290877999,13810.694318327789,1.2,1.2,1.2,1.2,1.2,1.2,1.2,1.2,1.2,1.2,1.2,1.2,1.2,1.2,1.2,1.2,1.2,1.2,1.2,1.2
11.024331092834473,0.4973759651184082,377319,27.297409057617188,753821.3786436263,13822.520635697887,1.2,1.2,1.2,1.2,1.2,1.2,1.2,1.2,1.2,1.2,1.2,1.2,1.2,1.2,1.2,1.2,1.2,1.2,1.2,1.2
11.525025367736816,0.4940927028656006,498830,27.157699584960938,995883.3880117502,18367.903306369735,1.2,1.2,1.2,1.2,1.2,1.2,1.2,1.2,1.2,1.2,1.2,1.2,1.2,1.2,1.2,1.2,1.2,1.2,1.2,1.2
12.025704383850098,0.4939577579498291,1116016,24.054779052734375,2228815.531597484,46394.7724297696,1.2,1.2,1.2,1.2,1.2,1.2,1.2,1.2,1.2,1.2,1.2,1.2,1.2,1.2,1.2,1.2,1.2,1.2,1.2,1.2
12.526382684707642,0.49384260177612305,1116543,23.980148315429688,2229931.769424802,46561.13820954044,1.2,1.2,1.2,1.2,1.2,1.2,1.2,1.2,1.2,1.2,1.2,1.2,1.2,1.2,1.2,1.2,1.2,1.2,1.2,1.2
13.027068614959717,0.4938483238220215,1115647,24.084075927734375,2228479.252059078,46323.014565622594,1.2,1.2,1.2,1.2,1.2,1.2,1.2,1.2,1.2,1.2,1.2,1.2,1.2,1.2,1.2,1.2,1.2,1.2,1.2,1.2
13.527717351913452,0.4940207004547119,1116567,24.0240478515625,2230268.081097082,46477.05527806712,1.2,1.2,1.2,1.2,1.2,1.2,1.2,1.2,1.2,1.2,1.2,1.2,1.2,1.2,1.2,1.2,1.2,1.2,1.2,1.2
14.028414964675903,0.49400782585144043,1116125,24.148941040039062,2228897.3599550407,46218.38275017771,1.2,1.2,1.2,1.2,1.2,1.2,1.2,1.2,1.2,1.2,1.2,1.2,1.2,1.2,1.2,1.2,1.2,1.2,1.2,1.2
14.529056310653687,0.4940626621246338,1116115,23.9407958984375,2229551.241529128,46619.795128567275,1.2,1.2,1.2,1.2,1.2,1.2,1.2,1.2,1.2,1.2,1.2,1.2,1.2,1.2,1.2,1.2,1.2,1.2,1.2,1.2
15.029703378677368,0.4938828945159912,1116061,24.145919799804688,2228878.6584610264,46221.51523956555,1.2,1.2,1.2,1.2,1.2,1.2,1.2,1.2,1.2,1.2,1.2,1.2,1.2,1.2,1.2,1.2,1.2,1.2,1.2,1.2
15.530340909957886,0.4940299987792969,1115523,23.859176635742188,2228614.9139033337,46754.46336772968,1.2,1.2,1.2,1.2,1.2,1.2,1.2,1.2,1.2,1.2,1.2,1.2,1.2,1.2,1.2,1.2,1.2,1.2,1.2,1.2
16.031078815460205,0.4931149482727051,1117508,24.003646850585938,2227685.0212571505,46555.75908761219,1.2,1.2,1.2,1.2,1.2,1.2,1.2,1.2,1.2,1.2,1.2,1.2,1.2,1.2,1.2,1.2,1.2,1.2,1.2,1.2
16.53175449371338,0.4939756393432617,1114011,23.995407104492188,2229173.314761285,46426.00957545103,1.2,1.2,1.2,1.2,1.2,1.2,1.2,1.2,1.2,1.2,1.2,1.2,1.2,1.2,1.2,1.2,1.2,1.2,1.2,1.2
17.032461404800415,0.4941082000732422,1115939,24.323257446289062,2228561.3482839265,45879.504522132,1.2,1.2,1.2,1.2,1.2,1.2,1.2,1.2,1.2,1.2,1.2,1.2,1.2,1.2,1.2,1.2,1.2,1.2,1.2,1.2
17.53314471244812,0.49417948722839355,1116603,24.2305908203125,2230236.0735225608,46082.36787457745,1.2,1.2,1.2,1.2,1.2,1.2,1.2,1.2,1.2,1.2,1.2,1.2,1.2,1.2,1.2,1.2,1.2,1.2,1.2,1.2
18.03383207321167,0.49388766288757324,1116305,24.080963134765625,2229362.2258457444,46356.32693562797,1.2,1.2,1.2,1.2,1.2,1.2,1.2,1.2,1.2,1.2,1.2,1.2,1.2,1.2,1.2,1.2,1.2,1.2,1.2,1.2
18.534486055374146,0.4940497875213623,1116437,23.895309448242188,2230186.685066146,46722.014729218274,1.2,1.2,1.2,1.2,1.2,1.2,1.2,1.2,1.2,1.2,1.2,1.2,1.2,1.2,1.2,1.2,1.2,1.2,1.2,1.2
19.03517508506775,0.4939708709716797,1116289,24.056991577148438,2228753.6102677407,46401.85354931723,1.2,1.2,1.2,1.2,1.2,1.2,1.2,1.2,1.2,1.2,1.2,1.2,1.2,1.2,1.2,1.2,1.2,1.2,1.2,1.2
19.5358407497406,0.4941556453704834,1116417,23.87615966796875,2230675.1761174784,46758.650282345785,1.2,1.2,1.2,1.2,1.2,1.2,1.2,1.2,1.2,1.2,1.2,1.2,1.2,1.2,1.2,1.2,1.2,1.2,1.2,1.2
20.03637433052063,0.4939701557159424,1116359,23.841445922851562,2229445.8109788625,46824.29931525217,1.2,1.2,1.2,1.2,1.2,1.2,1.2,1.2,1.2,1.2,1.2,1.2,1.2,1.2,1.2,1.2,1.2,1.2,1.2,1.2
20.536876678466797,0.4973447322845459,930299,24.780838012695312,1859642.7312747755,37541.06295854097,1.2,1.2,1.2,1.2,1.2,1.2,1.2,1.2,1.2,1.2,1.2,1.2,1.2,1.2,1.2,1.2,1.2,1.2,1.2,1.2
21.03740668296814,0.49691057205200195,380268,27.066680908203125,759202.8261506266,14049.30295257413,1.2,1.2,1.2,1.2,1.2,1.2,1.2,1.2,1.2,1.2,1.2,1.2,1.2,1.2,1.2,1.2,1.2,1.2,1.2,1.2
21.537938117980957,0.49733400344848633,382759,26.87353515625,765262.684330692,14242.971673601396,1.2,1.2,1.2,1.2,1.2,1.2,1.2,1.2,1.2,1.2,1.2,1.2,1.2,1.2,1.2,1.2,1.2,1.2,1.2,1.2
22.03846502304077,0.49727940559387207,382327,27.465682983398438,763808.208368357,13920.170863076537,1.2,1.2,1.2,1.2,1.2,1.2,1.2,1.2,1.2,1.2,1.2,1.2,1.2,1.2,1.2,1.2,1.2,1.2,1.2,1.2
22.53903341293335,0.4970834255218506,382314,27.469528198242188,763377.2788303894,13917.749050544842,1.2,1.2,1.2,1.2,1.2,1.2,1.2,1.2,1.2,1.2,1.2,1.2,1.2,1.2,1.2,1.2,1.2,1.2,1.2,1.2
23.03956174850464,0.49730587005615234,382860,27.138351440429688,765283.4868152431,14107.710294798146,1.2,1.2,1.2,1.2,1.2,1.2,1.2,1.2,1.2,1.2,1.2,1.2,1.2,1.2,1.2,1.2,1.2,1.2,1.2,1.2
23.540048599243164,0.4974181652069092,383001,27.266937255859375,765253.9120124473,14046.352049227573,1.2,1.2,1.2,1.2,1.2,1.2,1.2,1.2,1.2,1.2,1.2,1.2,1.2,1.2,1.2,1.2,1.2,1.2,1.2,1.2
24.040576219558716,0.4973580837249756,382116,27.777130126953125,763445.795933078,13756.496738632455,1.2,1.2,1.2,1.2,1.2,1.2,1.2,1.2,1.2,1.2,1.2,1.2,1.2,1.2,1.2,1.2,1.2,1.2,1.2,1.2
24.54107427597046,0.49735546112060547,382282,27.84881591796875,763821.4723777922,13727.046820448195,1.2,1.2,1.2,1.2,1.2,1.2,1.2,1.2,1.2,1.2,1.2,1.2,1.2,1.2,1.2,1.2,1.2,1.2,1.2,1.2
25.04160189628601,0.497295618057251,375396,27.4114990234375,750040.4506025127,13694.83659682483,1.2,1.2,1.2,1.2,1.2,1.2,1.2,1.2,1.2,1.2,1.2,1.2,1.2,1.2,1.2,1.2,1.2,1.2,1.2,1.2
25.542086362838745,0.49736762046813965,373443,27.468841552734375,746095.776586172,13595.149226918373,1.2,1.2,1.2,1.2,1.2,1.2,1.2,1.2,1.2,1.2,1.2,1.2,1.2,1.2,1.2,1.2,1.2,1.2,1.2,1.2
26.042614936828613,0.49696803092956543,380948,27.054336547851562,760647.3076213057,14080.847975192792,1.2,1.2,1.2,1.2,1.2,1.2,1.2,1.2,1.2,1.2,1.2,1.2,1.2,1.2,1.2,1.2,1.2,1.2,1.2,1.2
26.543184995651245,0.4973609447479248,380693,27.336563110351562,761099.7534307056,13926.147133537888,1.2,1.2,1.2,1.2,1.2,1.2,1.2,1.2,1.2,1.2,1.2,1.2,1.2,1.2,1.2,1.2,1.2,1.2,1.2,1.2
27.043827056884766,0.4938333034515381,482547,27.17352294921875,963489.7072069835,17757.9845241919,1.2,1.2,1.2,1.2,1.2,1.2,1.2,1.2,1.2,1.2,1.2,1.2,1.2,1.2,1.2,1.2,1.2,1.2,1.2,1.2
27.544515371322632,0.4939103126525879,1116927,24.14007568359375,2231182.628075308,46268.57904837034,1.2,1.2,1.2,1.2,1.2,1.2,1.2,1.2,1.2,1.2,1.2,1.2,1.2,1.2,1.2,1.2,1.2,1.2,1.2,1.2
28.04519557952881,0.493213415145874,1115665,24.328033447265625,2227846.3707630993,45859.23487890454,1.2,1.2,1.2,1.2,1.2,1.2,1.2,1.2,1.2,1.2,1.2,1.2,1.2,1.2,1.2,1.2,1.2,1.2,1.2,1.2
28.54588747024536,0.49338412284851074,1115792,24.17987060546875,2228929.022764622,46145.49094185979,1.2,1.2,1.2,1.2,1.2,1.2,1.2,1.2,1.2,1.2,1.2,1.2,1.2,1.2,1.2,1.2,1.2,1.2,1.2,1.2
29.046520948410034,0.4935793876647949,1118640,24.176040649414062,2229736.0896834033,46270.603868591345,1.2,1.2,1.2,1.2,1.2,1.2,1.2,1.2,1.2,1.2,1.2,1.2,1.2,1.2,1.2,1.2,1.2,1.2,1.2,1.2
29.547143697738647,0.49358415603637695,1117197,23.886032104492188,2231828.472071492,46771.97933556706,1.2,1.2,1.2,1.2,1.2,1.2,1.2,1.2,1.2,1.2,1.2,1.2,1.2,1.2,1.2,1.2,1.2,1.2,1.2,1.2
30.047797441482544,0.493121862411499,1115561,23.860504150390625,2229647.167756042,46753.45470358542,1.2,1.2,1.2,1.2,1.2,1.2,1.2,1.2,1.2,1.2,1.2,1.2,1.2,1.2,1.2,1.2,1.2,1.2,1.2,1.2
30.548457145690918,0.49483799934387207,1116188,24.044448852539062,2232106.145406958,46421.85840255315,1.2,1.2,1.2,1.2,1.2,1.2,1.2,1.2,1.2,1.2,1.2,1.2,1.2,1.2,1.2,1.2,1.2,1.2,1.2,1.2
31.049100160598755,0.49275779724121094,1121771,24.007247924804688,2234578.6730200164,46726.34712290231,1.2,1.2,1.2,1.2,1.2,1.2,1.2,1.2,1.2,1.2,1.2,1.2,1.2,1.2,1.2,1.2,1.2,1.2,1.2,1.2
31.549739122390747,0.4969203472137451,1113539,24.010574340820312,2230727.8538148645,46377.02473059444,1.2,1.2,1.2,1.2,1.2,1.2,1.2,1.2,1.2,1.2,1.2,1.2,1.2,1.2,1.2,1.2,1.2,1.2,1.2,1.2
32.050394773483276,0.49361085891723633,1118877,24.125320434570312,2230514.961513396,46377.705242692165,1.2,1.2,1.2,1.2,1.2,1.2,1.2,1.2,1.2,1.2,1.2,1.2,1.2,1.2,1.2,1.2,1.2,1.2,1.2,1.2
32.55107235908508,0.49478912353515625,1114756,23.796401977539062,2230539.395826759,46845.569387010495,1.2,1.2,1.2,1.2,1.2,1.2,1.2,1.2,1.2,1.2,1.2,1.2,1.2,1.2,1.2,1.2,1.2,1.2,1.2,1.2
33.051743268966675,0.4970715045928955,1114721,24.10443115234375,2227040.6273250794,46245.48046601017,1.2,1.2,1.2,1.2,1.2,1.2,1.2,1.2,1.2,1.2,1.2,1.2,1.2,1.2,1.2,1.2,1.2,1.2,1.2,1.2
33.55240607261658,0.49407172203063965,1118673,24.375717163085938,2233548.640935868,45892.92665793211,1.2,1.2,1.2,1.2,1.2,1.2,1.2,1.2,1.2,1.2,1.2,1.2,1.2,1.2,1.2,1.2,1.2,1.2,1.2,1.2
34.053083658218384,0.49437618255615234,1118146,24.290283203125,2233390.5607298166,46032.64567356498,1.2,1.2,1.2,1.2,1.2,1.2,1.2,1.2,1.2,1.2,1.2,1.2,1.2,1.2,1.2,1.2,1.2,1.2,1.2,1.2
34.55373191833496,0.49391627311706543,1120331,24.114730834960938,2237636.8961087,46458.36636815253,1.2,1.2,1.2,1.2,1.2,1.2,1.2,1.2,1.2,1.2,1.2,1.2,1.2,1.2,1.2,1.2,1.2,1.2,1.2,1.2
35.05437874794006,0.4946463108062744,1110971,24.36822509765625,2219017.08278684,45590.96920468179,1.2,1.2,1.2,1.2,1.2,1.2,1.2,1.2,1.2,1.2,1.2,1.2,1.2,1.2,1.2,1.2,1.2,1.2,1.2,1.2
35.55492186546326,0.4941685199737549,1108918,24.20166015625,2214471.339109714,45819.914536467266,1.2,1.2,1.2,1.2,1.2,1.2,1.2,1.2,1.2,1.2,1.2,1.2,1.2,1.2,1.2,1.2,1.2,1.2,1.2,1.2
36.055020332336426,0.4967949390411377,940700,25.078872680664062,1879343.878000667,37509.660501019425,1.2,1.2,1.2,1.2,1.2,1.2,1.2,1.2,1.2,1.2,1.2,1.2,1.2,1.2,1.2,1.2,1.2,1.2,1.2,1.2
36.55554676055908,0.4974064826965332,372434,27.373947143554688,745326.2359592137,13605.418248485628,1.2,1.2,1.2,1.2,1.2,1.2,1.2,1.2,1.2,1.2,1.2,1.2,1.2,1.2,1.2,1.2,1.2,1.2,1.2,1.2
37.05606937408447,0.49701595306396484,372639,27.283737182617188,743973.3348679751,13657.91634429806,1.2,1.2,1.2,1.2,1.2,1.2,1.2,1.2,1.2,1.2,1.2,1.2,1.2,1.2,1.2,1.2,1.2,1.2,1.2,1.2
37.55659365653992,0.4970664978027344,375408,27.494918823242188,750117.1823681233,13653.722799234367,1.2,1.2,1.2,1.2,1.2,1.2,1.2,1.2,1.2,1.2,1.2,1.2,1.2,1.2,1.2,1.2,1.2,1.2,1.2,1.2
38.057117223739624,0.49692869186401367,380874,27.627426147460938,760857.6519453158,13786.083363940283,1.2,1.2,1.2,1.2,1.2,1.2,1.2,1.2,1.2,1.2,1.2,1.2,1.2,1.2,1.2,1.2,1.2,1.2,1.2,1.2
38.55764365196228,0.49701905250549316,376683,27.522476196289062,752669.533367579,13686.377537889897,1.2,1.2,1.2,1.2,1.2,1.2,1.2,1.2,1.2,1.2,1.2,1.2,1.2,1.2,1.2,1.2,1.2,1.2,1.2,1.2
39.05816984176636,0.49693799018859863,375326,27.456558227539062,749784.766673357,13669.812395624525,1.2,1.2,1.2,1.2,1.2,1.2,1.2,1.2,1.2,1.2,1.2,1.2,1.2,1.2,1.2,1.2,1.2,1.2,1.2,1.2
39.5586953163147,0.4969899654388428,378788,27.215728759765625,756846.0698890258,13917.981155073137,1.2,1.2,1.2,1.2,1.2,1.2,1.2,1.2,1.2,1.2,1.2,1.2,1.2,1.2,1.2,1.2,1.2,1.2,1.2,1.2
40.0590124130249,0.4969336986541748,382072,27.399200439453125,763190.1567906021,13944.64049578032,1.2,1.2,1.2,1.2,1.2,1.2,1.2,1.2,1.2,1.2,1.2,1.2,1.2,1.2,1.2,1.2,1.2,1.2,1.2,1.2
40.559536933898926,0.4970541000366211,381930,27.573440551757812,763545.3166680747,13851.372638212604,1.2,1.2,1.2,1.2,1.2,1.2,1.2,1.2,1.2,1.2,1.2,1.2,1.2,1.2,1.2,1.2,1.2,1.2,1.2,1.2
41.060067653656006,0.4965083599090576,383079,27.576370239257812,764800.1476306051,13891.56718873202,1.2,1.2,1.2,1.2,1.2,1.2,1.2,1.2,1.2,1.2,1.2,1.2,1.2,1.2,1.2,1.2,1.2,1.2,1.2,1.2
41.560590744018555,0.4969604015350342,382659,27.647262573242188,764975.2670976234,13840.755445001934,1.2,1.2,1.2,1.2,1.2,1.2,1.2,1.2,1.2,1.2,1.2,1.2,1.2,1.2,1.2,1.2,1.2,1.2,1.2,1.2
42.06124806404114,0.49695658683776855,381806,27.686248779296875,762849.3196445074,13790.456159070041,1.2,1.2,1.2,1.2,1.2,1.2,1.2,1.2,1.2,1.2,1.2,1.2,1.2,1.2,1.2,1.2,1.2,1.2,1.2,1.2
42.56192111968994,0.4938180446624756,417318,27.509872436523438,832702.6865586909,15169.75409329592,1.2,1.2,1.2,1.2,1.2,1.2,1.2,1.2,1.2,1.2,1.2,1.2,1.2,1.2,1.2,1.2,1.2,1.2,1.2,1.2
43.06253218650818,0.4937894344329834,1117731,24.00439453125,2230526.6436000015,46563.5989503875,1.2,1.2,1.2,1.2,1.2,1.2,1.2,1.2,1.2,1.2,1.2,1.2,1.2,1.2,1.2,1.2,1.2,1.2,1.2,1.2
43.56314396858215,0.4952583312988281,1115209,23.850021362304688,2232010.379777976,46759.24532975909,1.2,1.2,1.2,1.2,1.2,1.2,1.2,1.2,1.2,1.2,1.2,1.2,1.2,1.2,1.2,1.2,1.2,1.2,1.2,1.2
44.06378388404846,0.4943535327911377,1119065,24.375991821289062,2232486.800086569,45908.490953079956,1.2,1.2,1.2,1.2,1.2,1.2,1.2,1.2,1.2,1.2,1.2,1.2,1.2,1.2,1.2,1.2,1.2,1.2,1.2,1.2
44.56444478034973,0.4940497875213623,1119597,24.114181518554688,2236564.6048504454,46428.98616063434,1.2,1.2,1.2,1.2,1.2,1.2,1.2,1.2,1.2,1.2,1.2,1.2,1.2,1.2,1.2,1.2,1.2,1.2,1.2,1.2
45.06508755683899,0.4941387176513672,1118768,23.9349365234375,2234468.0535625247,46742.0500114752,1.2,1.2,1.2,1.2,1.2,1.2,1.2,1.2,1.2,1.2,1.2,1.2,1.2,1.2,1.2,1.2,1.2,1.2,1.2,1.2
45.565784215927124,0.49390268325805664,1119108,24.027755737304688,2235578.711175318,46575.63578701237,1.2,1.2,1.2,1.2,1.2,1.2,1.2,1.2,1.2,1.2,1.2,1.2,1.2,1.2,1.2,1.2,1.2,1.2,1.2,1.2
46.06645846366882,0.4937405586242676,1120187,24.148269653320312,2236111.5754805077,46387.87855534725,1.2,1.2,1.2,1.2,1.2,1.2,1.2,1.2,1.2,1.2,1.2,1.2,1.2,1.2,1.2,1.2,1.2,1.2,1.2,1.2
46.567124366760254,0.4947853088378906,1116704,24.033523559570312,2233780.394570848,46464.4311198106,1.2,1.2,1.2,1.2,1.2,1.2,1.2,1.2,1.2,1.2,1.2,1.2,1.2,1.2,1.2,1.2,1.2,1.2,1.2,1.2
47.06783699989319,0.4948446750640869,1116904,24.069992065429688,2231301.052097375,46402.341843898794,1.2,1.2,1.2,1.2,1.2,1.2,1.2,1.2,1.2,1.2,1.2,1.2,1.2,1.2,1.2,1.2,1.2,1.2,1.2,1.2
47.56848502159119,0.49451112747192383,1120595,24.189743041992188,2238000.2828740166,46325.21304813792,1.2,1.2,1.2,1.2,1.2,1.2,1.2,1.2,1.2,1.2,1.2,1.2,1.2,1.2,1.2,1.2,1.2,1.2,1.2,1.2
48.069127798080444,0.495668888092041,1117242,24.215667724609375,2231851.112741352,46137.15437070494,1.2,1.2,1.2,1.2,1.2,1.2,1.2,1.2,1.2,1.2,1.2,1.2,1.2,1.2,1.2,1.2,1.2,1.2,1.2,1.2
48.56977295875549,0.49693775177001953,1118120,23.942153930664062,2233292.210707482,46700.89429873562,1.2,1.2,1.2,1.2,1.2,1.2,1.2,1.2,1.2,1.2,1.2,1.2,1.2,1.2,1.2,1.2,1.2,1.2,1.2,1.2
49.07044076919556,0.49696946144104004,1118637,24.221954345703125,2234784.675468252,46182.77220881814,1.2,1.2,1.2,1.2,1.2,1.2,1.2,1.2,1.2,1.2,1.2,1.2,1.2,1.2,1.2,1.2,1.2,1.2,1.2,1.2
49.57111883163452,0.4969968795776367,1119386,24.146926879882812,2235620.0297136474,46357.28619083939,1.2,1.2,1.2,1.2,1.2,1.2,1.2,1.2,1.2,1.2,1.2,1.2,1.2,1.2,1.2,1.2,1.2,1.2,1.2,1.2
50.07178854942322,0.49703216552734375,1119173,24.210739135742188,2235185.27927245,46226.3045223502,1.2,1.2,1.2,1.2,1.2,1.2,1.2,1.2,1.2,1.2,1.2,1.2,1.2,1.2,1.2,1.2,1.2,1.2,1.2,1.2
