0.503035306930542,0.49878525733947754,462816,0.0,0,0,2.201,2.201,2.201,2.201,2.201,2.201,2.201,2.201,2.201,2.201,2.201,2.201,2.201,2.201,2.201,2.201,2.201,2.201,2.201,2.201
1.0035533905029297,0.49855899810791016,8480,50.761322021484375,14722.441975623435,167.05632679170373,2.201,2.201,2.201,2.201,2.201,2.201,2.201,2.201,2.201,2.201,2.201,2.201,2.201,2.201,2.201,2.201,2.201,2.201,2.201,2.201
1.5040738582611084,0.498504638671875,7168,51.65242004394531,15529.158744342916,138.77374949521328,2.201,2.201,2.201,2.201,2.201,2.201,2.201,2.201,2.201,2.201,2.201,2.201,2.201,2.201,2.201,2.201,2.201,2.201,2.201,2.201
2.0045931339263916,0.4986608028411865,8160,51.412078857421875,15470.829765391885,158.71756562557317,2.201,2.201,2.201,2.201,2.201,2.201,2.201,2.201,2.201,2.201,2.201,2.201,2.201,2.201,2.201,2.201,2.201,2.201,2.201,2.201
2.5051136016845703,0.4986259937286377,7168,51.54229736328125,15521.979072305903,139.07024650993702,2.201,2.201,2.201,2.201,2.201,2.201,2.201,2.201,2.201,2.201,2.201,2.201,2.201,2.201,2.201,2.201,2.201,2.201,2.201,2.201
3.005664825439453,0.49858570098876953,8192,51.82984924316406,15524.582333201903,158.05564013058475,2.201,2.201,2.201,2.201,2.201,2.201,2.201,2.201,2.201,2.201,2.201,2.201,2.201,2.201,2.201,2.201,2.201,2.201,2.201,2.201
3.506209373474121,0.49907827377319336,7008,51.15997314453125,15162.013874604449,136.98208910708001,2.201,2.201,2.201,2.201,2.201,2.201,2.201,2.201,2.201,2.201,2.201,2.201,2.201,2.201,2.201,2.201,2.201,2.201,2.201,2.201
4.006729364395142,0.4990651607513428,8288,51.521270751953125,15749.38537715373,160.86559743260622,2.201,2.201,2.201,2.201,2.201,2.201,2.201,2.201,2.201,2.201,2.201,2.201,2.201,2.201,2.201,2.201,2.201,2.201,2.201,2.201
4.5072808265686035,0.498504638671875,8128,51.64973449707031,15403.526883337672,157.3677014827838,2.201,2.201,2.201,2.201,2.201,2.201,2.201,2.201,2.201,2.201,2.201,2.201,2.201,2.201,2.201,2.201,2.201,2.201,2.201,2.201
5.0078043937683105,0.499006986618042,7744,51.756195068359375,15646.293521931071,149.62460029706116,2.201,2.201,2.201,2.201,2.201,2.201,2.201,2.201,2.201,2.201,2.201,2.201,2.201,2.201,2.201,2.201,2.201,2.201,2.201,2.201
5.508380174636841,0.49841976165771484,7616,51.3817138671875,15386.56112145841,148.22393857250444,2.201,2.201,2.201,2.201,2.201,2.201,2.201,2.201,2.201,2.201,2.201,2.201,2.201,2.201,2.201,2.201,2.201,2.201,2.201,2.201
6.0089006423950195,0.49909400939941406,7104,51.10400390625,15389.12939731578,139.01063433370595,2.201,2.201,2.201,2.201,2.201,2.201,2.201,2.201,2.201,2.201,2.201,2.201,2.201,2.201,2.201,2.201,2.201,2.201,2.201,2.201
6.509423494338989,0.49909210205078125,8416,51.48655700683594,15955.70319547936,163.4601435649037,2.201,2.201,2.201,2.201,2.201,2.201,2.201,2.201,2.201,2.201,2.201,2.201,2.201,2.201,2.201,2.201,2.201,2.201,2.201,2.201
7.0099451541900635,0.4986441135406494,7168,50.53831481933594,15095.091874363165,141.8329840562378,2.201,2.201,2.201,2.201,2.201,2.201,2.201,2.201,2.201,2.201,2.201,2.201,2.201,2.201,2.201,2.201,2.201,2.201,2.201,2.201
7.510469436645508,0.4985928535461426,8096,51.56016540527344,15328.470198188006,157.02044274613522,2.201,2.201,2.201,2.201,2.201,2.201,2.201,2.201,2.201,2.201,2.201,2.201,2.201,2.201,2.201,2.201,2.201,2.201,2.201,2.201
8.011037111282349,0.498455286026001,8256,51.5360107421875,15635.963483268386,160.19866266524232,2.201,2.201,2.201,2.201,2.201,2.201,2.201,2.201,2.201,2.201,2.201,2.201,2.201,2.201,2.201,2.201,2.201,2.201,2.201,2.201
8.511558294296265,0.4991028308868408,7168,51.46234130859375,15521.361661765693,139.28631729009592,2.201,2.201,2.201,2.201,2.201,2.201,2.201,2.201,2.201,2.201,2.201,2.201,2.201,2.201,2.201,2.201,2.201,2.201,2.201,2.201
9.0121009349823,0.4983787536621094,8224,51.20494079589844,15591.752570436567,160.6095011960008,2.201,2.201,2.201,2.201,2.201,2.201,2.201,2.201,2.201,2.201,2.201,2.201,2.201,2.201,2.201,2.201,2.201,2.201,2.201,2.201
9.512624025344849,0.4990255832672119,7520,51.302734375,15139.073076278704,146.5808809532874,2.201,2.201,2.201,2.201,2.201,2.201,2.201,2.201,2.201,2.201,2.201,2.201,2.201,2.201,2.201,2.201,2.201,2.201,2.201,2.201
10.01314640045166,0.4986402988433838,7776,51.270416259765625,15728.830165262107,151.6664105202946,2.201,2.201,2.201,2.201,2.201,2.201,2.201,2.201,2.201,2.201,2.201,2.201,2.201,2.201,2.201,2.201,2.201,2.201,2.201,2.201
10.51366925239563,0.4986140727996826,7616,51.236114501953125,15046.41687291108,148.6451514528815,2.201,2.201,2.201,2.201,2.201,2.201,2.201,2.201,2.201,2.201,2.201,2.201,2.201,2.201,2.201,2.201,2.201,2.201,2.201,2.201
11.014189720153809,0.49862122535705566,7392,51.18171691894531,14908.952286977168,144.42657349120293,2.201,2.201,2.201,2.201,2.201,2.201,2.201,2.201,2.201,2.201,2.201,2.201,2.201,2.201,2.201,2.201,2.201,2.201,2.201,2.201
11.514713525772095,0.49863767623901367,7392,51.16949462890625,15974.960968676472,144.46107106604435,2.201,2.201,2.201,2.201,2.201,2.201,2.201,2.201,2.201,2.201,2.201,2.201,2.201,2.201,2.201,2.201,2.201,2.201,2.201,2.201
12.015262603759766,0.49860644340515137,8320,50.892608642578125,15488.434446196525,163.4815000038977,2.201,2.201,2.201,2.201,2.201,2.201,2.201,2.201,2.201,2.201,2.201,2.201,2.201,2.201,2.201,2.201,2.201,2.201,2.201,2.201
12.515785217285156,0.4986536502838135,7200,51.578338623046875,15567.071082022896,139.59348424578388,2.201,2.201,2.201,2.201,2.201,2.201,2.201,2.201,2.201,2.201,2.201,2.201,2.201,2.201,2.201,2.201,2.201,2.201,2.201,2.201
13.016363143920898,0.49849605560302734,8160,51.94136047363281,15465.50328576049,157.1002362200792,2.201,2.201,2.201,2.201,2.201,2.201,2.201,2.201,2.201,2.201,2.201,2.201,2.201,2.201,2.201,2.201,2.201,2.201,2.201,2.201
13.516393184661865,0.4986722469329834,8000,51.53388977050781,15164.520378740788,155.23765109961286,2.201,2.201,2.201,2.201,2.201,2.201,2.201,2.201,2.201,2.201,2.201,2.201,2.201,2.201,2.201,2.201,2.201,2.201,2.201,2.201
14.01691222190857,0.4990568161010742,7392,51.371246337890625,16009.469376470859,143.89372512747033,2.201,2.201,2.201,2.201,2.201,2.201,2.201,2.201,2.201,2.201,2.201,2.201,2.201,2.201,2.201,2.201,2.201,2.201,2.201,2.201
14.517432928085327,0.4986743927001953,8032,51.40693664550781,15223.547984367771,156.24350572349996,2.201,2.201,2.201,2.201,2.201,2.201,2.201,2.201,2.201,2.201,2.201,2.201,2.201,2.201,2.201,2.201,2.201,2.201,2.201,2.201
15.017952919006348,0.49863195419311523,7328,51.42997741699219,15872.472702944206,142.48499353956294,2.201,2.201,2.201,2.201,2.201,2.201,2.201,2.201,2.201,2.201,2.201,2.201,2.201,2.201,2.201,2.201,2.201,2.201,2.201,2.201
15.518471956253052,0.49889183044433594,8608,51.36027526855469,15345.823244852847,167.60034783673063,2.201,2.201,2.201,2.201,2.201,2.201,2.201,2.201,2.201,2.201,2.201,2.201,2.201,2.201,2.201,2.201,2.201,2.201,2.201,2.201
16.019023180007935,0.4984612464904785,7424,51.34367370605469,15010.237049705229,144.59425016025932,2.201,2.201,2.201,2.201,2.201,2.201,2.201,2.201,2.201,2.201,2.201,2.201,2.201,2.201,2.201,2.201,2.201,2.201,2.201,2.201
16.519542455673218,0.49909400939941406,7744,51.35762023925781,15657.979596057348,150.78580284528994,2.201,2.201,2.201,2.201,2.201,2.201,2.201,2.201,2.201,2.201,2.201,2.201,2.201,2.201,2.201,2.201,2.201,2.201,2.201,2.201
17.020058631896973,0.49841952323913574,7488,51.68768310546875,15130.740994159265,144.87010347747125,2.201,2.201,2.201,2.201,2.201,2.201,2.201,2.201,2.201,2.201,2.201,2.201,2.201,2.201,2.201,2.201,2.201,2.201,2.201,2.201
17.520576238632202,0.4986588954925537,7424,51.63310241699219,16077.254579286433,143.78372889630586,2.201,2.201,2.201,2.201,2.201,2.201,2.201,2.201,2.201,2.201,2.201,2.201,2.201,2.201,2.201,2.201,2.201,2.201,2.201,2.201
18.02109432220459,0.4984629154205322,8160,51.55625915527344,15467.67968842675,158.27370204312726,2.201,2.201,2.201,2.201,2.201,2.201,2.201,2.201,2.201,2.201,2.201,2.201,2.201,2.201,2.201,2.201,2.201,2.201,2.201,2.201
18.521615982055664,0.4985194206237793,8160,51.64373779296875,15467.86608238393,158.00560433313518,2.201,2.201,2.201,2.201,2.201,2.201,2.201,2.201,2.201,2.201,2.201,2.201,2.201,2.201,2.201,2.201,2.201,2.201,2.201,2.201
19.022139310836792,0.498415470123291,6944,51.48896789550781,14620.099611243162,134.86384139787415,2.201,2.201,2.201,2.201,2.201,2.201,2.201,2.201,2.201,2.201,2.201,2.201,2.201,2.201,2.201,2.201,2.201,2.201,2.201,2.201
19.522659301757812,0.49849390983581543,8256,51.6649169921875,15654.325770623043,159.79895992571574,2.201,2.201,2.201,2.201,2.201,2.201,2.201,2.201,2.201,2.201,2.201,2.201,2.201,2.201,2.201,2.201,2.201,2.201,2.201,2.201
20.02317714691162,0.4986112117767334,7712,51.85728454589844,15581.006195487673,148.71584710869647,2.201,2.201,2.201,2.201,2.201,2.201,2.201,2.201,2.201,2.201,2.201,2.201,2.201,2.201,2.201,2.201,2.201,2.201,2.201,2.201
20.523698091506958,0.4983370304107666,7584,51.497772216796875,15341.34822493037,147.26850645252475,2.201,2.201,2.201,2.201,2.201,2.201,2.201,2.201,2.201,2.201,2.201,2.201,2.201,2.201,2.201,2.201,2.201,2.201,2.201,2.201
21.02421522140503,0.49857091903686523,7808,51.58818054199219,15778.180000397439,151.35249814915215,2.201,2.201,2.201,2.201,2.201,2.201,2.201,2.201,2.201,2.201,2.201,2.201,2.201,2.201,2.201,2.201,2.201,2.201,2.201,2.201
21.52476978302002,0.4984283447265625,7520,51.773681640625,15209.072662123011,145.24754202720865,2.201,2.201,2.201,2.201,2.201,2.201,2.201,2.201,2.201,2.201,2.201,2.201,2.201,2.201,2.201,2.201,2.201,2.201,2.201,2.201
22.025315284729004,0.49904704093933105,7808,51.42156982421875,15782.875572713516,151.8428944641545,2.201,2.201,2.201,2.201,2.201,2.201,2.201,2.201,2.201,2.201,2.201,2.201,2.201,2.201,2.201,2.201,2.201,2.201,2.201,2.201
22.52583074569702,0.49907684326171875,7744,51.67732238769531,15663.867851250889,149.852965327861,2.201,2.201,2.201,2.201,2.201,2.201,2.201,2.201,2.201,2.201,2.201,2.201,2.201,2.201,2.201,2.201,2.201,2.201,2.201,2.201
23.02634334564209,0.4984290599822998,8032,51.25410461425781,15222.518245796533,156.70940035826257,2.201,2.201,2.201,2.201,2.201,2.201,2.201,2.201,2.201,2.201,2.201,2.201,2.201,2.201,2.201,2.201,2.201,2.201,2.201,2.201
23.52685570716858,0.49867963790893555,7328,51.55207824707031,15866.090643025382,142.147518571018,2.201,2.201,2.201,2.201,2.201,2.201,2.201,2.201,2.201,2.201,2.201,2.201,2.201,2.201,2.201,2.201,2.201,2.201,2.201,2.201
24.02737307548523,0.4984109401702881,8192,51.49334716796875,15516.063866653916,159.08851241070232,2.201,2.201,2.201,2.201,2.201,2.201,2.201,2.201,2.201,2.201,2.201,2.201,2.201,2.201,2.201,2.201,2.201,2.201,2.201,2.201
24.527887105941772,0.4985480308532715,7168,51.2440185546875,15518.139459561573,139.87974015641117,2.201,2.201,2.201,2.201,2.201,2.201,2.201,2.201,2.201,2.201,2.201,2.201,2.201,2.201,2.201,2.201,2.201,2.201,2.201,2.201
25.028398990631104,0.4984018802642822,8160,51.684295654296875,15463.51779639639,157.88161368358712,2.201,2.201,2.201,2.201,2.201,2.201,2.201,2.201,2.201,2.201,2.201,2.201,2.201,2.201,2.201,2.201,2.201,2.201,2.201,2.201
25.52891969680786,0.49852514266967773,8288,51.7218017578125,15707.242791613382,160.24190415501351,2.201,2.201,2.201,2.201,2.201,2.201,2.201,2.201,2.201,2.201,2.201,2.201,2.201,2.201,2.201,2.201,2.201,2.201,2.201,2.201
26.029432773590088,0.4986536502838135,7104,51.664093017578125,15379.593976643555,137.50362360146232,2.201,2.201,2.201,2.201,2.201,2.201,2.201,2.201,2.201,2.201,2.201,2.201,2.201,2.201,2.201,2.201,2.201,2.201,2.201,2.201
26.529949188232422,0.4984550476074219,7936,51.51409912109375,14987.708024459378,154.05491186684472,2.201,2.201,2.201,2.201,2.201,2.201,2.201,2.201,2.201,2.201,2.201,2.201,2.201,2.201,2.201,2.201,2.201,2.201,2.201,2.201
27.030465126037598,0.4986116886138916,7808,51.55511474609375,15735.877125164985,151.44957078369416,2.201,2.201,2.201,2.201,2.201,2.201,2.201,2.201,2.201,2.201,2.201,2.201,2.201,2.201,2.201,2.201,2.201,2.201,2.201,2.201
27.530983448028564,0.4987034797668457,7584,51.64808654785156,15335.764847088201,146.8399026355697,2.201,2.201,2.201,2.201,2.201,2.201,2.201,2.201,2.201,2.201,2.201,2.201,2.201,2.201,2.201,2.201,2.201,2.201,2.201,2.201
28.031496047973633,0.4990406036376953,7296,51.455169677734375,15806.218818783998,141.79333283118328,2.201,2.201,2.201,2.201,2.201,2.201,2.201,2.201,2.201,2.201,2.201,2.201,2.201,2.201,2.201,2.201,2.201,2.201,2.201,2.201
28.53201198577881,0.4986000061035156,8032,51.77156066894531,15228.258956153166,155.14309200297916,2.201,2.201,2.201,2.201,2.201,2.201,2.201,2.201,2.201,2.201,2.201,2.201,2.201,2.201,2.201,2.201,2.201,2.201,2.201,2.201
29.032525300979614,0.4986002445220947,8256,51.84393310546875,15648.78021496763,159.24717716158608,2.201,2.201,2.201,2.201,2.201,2.201,2.201,2.201,2.201,2.201,2.201,2.201,2.201,2.201,2.201,2.201,2.201,2.201,2.201,2.201
29.533039569854736,0.49909114837646484,7712,52.05499267578125,15583.521792176389,148.1510149858888,2.201,2.201,2.201,2.201,2.201,2.201,2.201,2.201,2.201,2.201,2.201,2.201,2.201,2.201,2.201,2.201,2.201,2.201,2.201,2.201
30.0335853099823,0.49846458435058594,7840,51.70591735839844,15848.420808322795,151.62674603870212,2.201,2.201,2.201,2.201,2.201,2.201,2.201,2.201,2.201,2.201,2.201,2.201,2.201,2.201,2.201,2.201,2.201,2.201,2.201,2.201
30.53410315513611,0.49906468391418457,7104,51.806915283203125,15380.347468776443,137.12455105975522,2.201,2.201,2.201,2.201,2.201,2.201,2.201,2.201,2.201,2.201,2.201,2.201,2.201,2.201,2.201,2.201,2.201,2.201,2.201,2.201
31.034616947174072,0.4984252452850342,8672,52.03526306152344,15461.539521494755,166.6562152236405,2.201,2.201,2.201,2.201,2.201,2.201,2.201,2.201,2.201,2.201,2.201,2.201,2.201,2.201,2.201,2.201,2.201,2.201,2.201,2.201
31.535140991210938,0.4984567165374756,7584,51.6751708984375,15335.823302516988,146.76293988278454,2.201,2.201,2.201,2.201,2.201,2.201,2.201,2.201,2.201,2.201,2.201,2.201,2.201,2.201,2.201,2.201,2.201,2.201,2.201,2.201
32.03564739227295,0.49855852127075195,7744,52.040740966796875,15644.807758055817,148.8064899948454,2.201,2.201,2.201,2.201,2.201,2.201,2.201,2.201,2.201,2.201,2.201,2.201,2.201,2.201,2.201,2.201,2.201,2.201,2.201,2.201
32.53620100021362,0.4984421730041504,7840,51.58355712890625,15855.266177812138,151.98641653207437,2.201,2.201,2.201,2.201,2.201,2.201,2.201,2.201,2.201,2.201,2.201,2.201,2.201,2.201,2.201,2.201,2.201,2.201,2.201,2.201
33.03636431694031,0.4990048408508301,6944,51.589447021484375,15046.529425338542,134.60117138119696,2.201,2.201,2.201,2.201,2.201,2.201,2.201,2.201,2.201,2.201,2.201,2.201,2.201,2.201,2.201,2.201,2.201,2.201,2.201,2.201
33.536908864974976,0.49866175651550293,8384,51.29241943359375,15805.729248288802,163.45495284843076,2.201,2.201,2.201,2.201,2.201,2.201,2.201,2.201,2.201,2.201,2.201,2.201,2.201,2.201,2.201,2.201,2.201,2.201,2.201,2.201
34.03743052482605,0.49894237518310547,6976,51.29486083984375,15091.839100582662,135.99802954492722,2.201,2.201,2.201,2.201,2.201,2.201,2.201,2.201,2.201,2.201,2.201,2.201,2.201,2.201,2.201,2.201,2.201,2.201,2.201,2.201
34.537952184677124,0.49866223335266113,8256,51.933563232421875,15649.849238263447,158.97233862139117,2.201,2.201,2.201,2.201,2.201,2.201,2.201,2.201,2.201,2.201,2.201,2.201,2.201,2.201,2.201,2.201,2.201,2.201,2.201,2.201
35.03847050666809,0.49864721298217773,8128,51.38386535644531,15407.27708920095,158.1819495987074,2.201,2.201,2.201,2.201,2.201,2.201,2.201,2.201,2.201,2.201,2.201,2.201,2.201,2.201,2.201,2.201,2.201,2.201,2.201,2.201
35.53901696205139,0.49866294860839844,7808,51.63360595703125,15785.950982594264,151.21934358986482,2.201,2.201,2.201,2.201,2.201,2.201,2.201,2.201,2.201,2.201,2.201,2.201,2.201,2.201,2.201,2.201,2.201,2.201,2.201,2.201
36.03953838348389,0.4990043640136719,6656,50.05564880371094,14409.254331930897,132.97200533951624,2.201,2.201,2.201,2.201,2.201,2.201,2.201,2.201,2.201,2.201,2.201,2.201,2.201,2.201,2.201,2.201,2.201,2.201,2.201,2.201
36.54006004333496,0.49835205078125,8064,50.64082336425781,14739.764790523905,159.23911706561142,2.201,2.201,2.201,2.201,2.201,2.201,2.201,2.201,2.201,2.201,2.201,2.201,2.201,2.201,2.201,2.201,2.201,2.201,2.201,2.201
37.040377378463745,0.4987308979034424,7776,51.582550048828125,15687.454055772609,150.74865419874018,2.201,2.201,2.201,2.201,2.201,2.201,2.201,2.201,2.201,2.201,2.201,2.201,2.201,2.201,2.201,2.201,2.201,2.201,2.201,2.201
37.54093146324158,0.4984147548675537,7648,51.70326232910156,15460.745923415889,147.92103351852262,2.201,2.201,2.201,2.201,2.201,2.201,2.201,2.201,2.201,2.201,2.201,2.201,2.201,2.201,2.201,2.201,2.201,2.201,2.201,2.201
38.041452407836914,0.49903059005737305,7232,51.67732238769531,15665.8587616542,139.94533125659746,2.201,2.201,2.201,2.201,2.201,2.201,2.201,2.201,2.201,2.201,2.201,2.201,2.201,2.201,2.201,2.201,2.201,2.201,2.201,2.201
38.541975259780884,0.49837350845336914,8000,51.854522705078125,15159.795908061085,154.2777675440171,2.201,2.201,2.201,2.201,2.201,2.201,2.201,2.201,2.201,2.201,2.201,2.201,2.201,2.201,2.201,2.201,2.201,2.201,2.201,2.201
39.04246950149536,0.49830126762390137,8480,51.6607666015625,16071.26393681872,164.1477770820288,2.201,2.201,2.201,2.201,2.201,2.201,2.201,2.201,2.201,2.201,2.201,2.201,2.201,2.201,2.201,2.201,2.201,2.201,2.201,2.201
39.54299449920654,0.4986753463745117,7520,51.774810791015625,15196.785627975003,145.2443743416814,2.201,2.201,2.201,2.201,2.201,2.201,2.201,2.201,2.201,2.201,2.201,2.201,2.201,2.201,2.201,2.201,2.201,2.201,2.201,2.201
40.04352259635925,0.498427152633667,7840,51.643035888671875,15852.19418527968,151.81136943422294,2.201,2.201,2.201,2.201,2.201,2.201,2.201,2.201,2.201,2.201,2.201,2.201,2.201,2.201,2.201,2.201,2.201,2.201,2.201,2.201
40.54400372505188,0.4990262985229492,7488,51.65998840332031,15141.515061623164,144.94776772963286,2.201,2.201,2.201,2.201,2.201,2.201,2.201,2.201,2.201,2.201,2.201,2.201,2.201,2.201,2.201,2.201,2.201,2.201,2.201,2.201
41.04450583457947,0.4985997676849365,7584,51.92613220214844,15326.119944900289,146.05362807450183,2.201,2.201,2.201,2.201,2.201,2.201,2.201,2.201,2.201,2.201,2.201,2.201,2.201,2.201,2.201,2.201,2.201,2.201,2.201,2.201
41.545026779174805,0.4985668659210205,7712,51.248565673828125,15571.316638992297,150.48226030525578,2.201,2.201,2.201,2.201,2.201,2.201,2.201,2.201,2.201,2.201,2.201,2.201,2.201,2.201,2.201,2.201,2.201,2.201,2.201,2.201
42.045520305633545,0.49840283393859863,7872,51.17881774902344,15615.577184348014,153.8136351371698,2.201,2.201,2.201,2.201,2.201,2.201,2.201,2.201,2.201,2.201,2.201,2.201,2.201,2.201,2.201,2.201,2.201,2.201,2.201,2.201
42.54602384567261,0.4986722469329834,7008,51.67889404296875,15082.251751673737,135.6066171650878,2.201,2.201,2.201,2.201,2.201,2.201,2.201,2.201,2.201,2.201,2.201,2.201,2.201,2.201,2.201,2.201,2.201,2.201,2.201,2.201
43.046515703201294,0.4984135627746582,8128,51.38230895996094,15096.585549108871,158.18674101106762,2.201,2.201,2.201,2.201,2.201,2.201,2.201,2.201,2.201,2.201,2.201,2.201,2.201,2.201,2.201,2.201,2.201,2.201,2.201,2.201
43.54706931114197,0.4986765384674072,7232,51.53346252441406,15632.78084958732,140.33600006158773,2.201,2.201,2.201,2.201,2.201,2.201,2.201,2.201,2.201,2.201,2.201,2.201,2.201,2.201,2.201,2.201,2.201,2.201,2.201,2.201
44.04758977890015,0.49904847145080566,8256,51.560760498046875,15656.115004832278,160.12176547149141,2.201,2.201,2.201,2.201,2.201,2.201,2.201,2.201,2.201,2.201,2.201,2.201,2.201,2.201,2.201,2.201,2.201,2.201,2.201,2.201
44.54811143875122,0.49845170974731445,8064,51.75120544433594,15322.685138348565,155.8224572889169,2.201,2.201,2.201,2.201,2.201,2.201,2.201,2.201,2.201,2.201,2.201,2.201,2.201,2.201,2.201,2.201,2.201,2.201,2.201,2.201
45.04837250709534,0.49854230880737305,7776,51.62060546875,15714.823880155278,150.63752021869294,2.201,2.201,2.201,2.201,2.201,2.201,2.201,2.201,2.201,2.201,2.201,2.201,2.201,2.201,2.201,2.201,2.201,2.201,2.201,2.201
45.54889440536499,0.49870824813842773,7744,51.79164123535156,15659.998629568303,149.52219731384292,2.201,2.201,2.201,2.201,2.201,2.201,2.201,2.201,2.201,2.201,2.201,2.201,2.201,2.201,2.201,2.201,2.201,2.201,2.201,2.201
46.04941368103027,0.49861717224121094,7584,51.83213806152344,15327.677544702736,146.31848663078463,2.201,2.201,2.201,2.201,2.201,2.201,2.201,2.201,2.201,2.201,2.201,2.201,2.201,2.201,2.201,2.201,2.201,2.201,2.201,2.201
46.549936056137085,0.4986593723297119,8256,51.67610168457031,15645.15992012247,159.7643732956953,2.201,2.201,2.201,2.201,2.201,2.201,2.201,2.201,2.201,2.201,2.201,2.201,2.201,2.201,2.201,2.201,2.201,2.201,2.201,2.201
47.05045485496521,0.4984157085418701,7552,51.37663269042969,15274.098492518166,146.9928954959862,2.201,2.201,2.201,2.201,2.201,2.201,2.201,2.201,2.201,2.201,2.201,2.201,2.201,2.201,2.201,2.201,2.201,2.201,2.201,2.201
47.550976514816284,0.4986567497253418,7328,51.714019775390625,15864.52890006953,141.70238615809956,2.201,2.201,2.201,2.201,2.201,2.201,2.201,2.201,2.201,2.201,2.201,2.201,2.201,2.201,2.201,2.201,2.201,2.201,2.201,2.201
48.05149555206299,0.49860358238220215,8032,51.888427734375,15222.506208551327,154.79366692544758,2.201,2.201,2.201,2.201,2.201,2.201,2.201,2.201,2.201,2.201,2.201,2.201,2.201,2.201,2.201,2.201,2.201,2.201,2.201,2.201
48.55201745033264,0.49860525131225586,7744,51.855926513671875,15649.753969676072,149.33683612727054,2.201,2.201,2.201,2.201,2.201,2.201,2.201,2.201,2.201,2.201,2.201,2.201,2.201,2.201,2.201,2.201,2.201,2.201,2.201,2.201
49.05237007141113,0.49827122688293457,7744,51.97679138183594,15654.855863620058,148.98957388713023,2.201,2.201,2.201,2.201,2.201,2.201,2.201,2.201,2.201,2.201,2.201,2.201,2.201,2.201,2.201,2.201,2.201,2.201,2.201,2.201
49.552921772003174,0.49842286109924316,8064,51.48814392089844,15285.903303814832,156.6185802383705,2.201,2.201,2.201,2.201,2.201,2.201,2.201,2.201,2.201,2.201,2.201,2.201,2.201,2.201,2.201,2.201,2.201,2.201,2.201,2.201
50.05344247817993,0.4990973472595215,7712,51.76629638671875,15581.331624418368,148.97724075888505,2.201,2.201,2.201,2.201,2.201,2.201,2.201,2.201,2.201,2.201,2.201,2.201,2.201,2.201,2.201,2.201,2.201,2.201,2.201,2.201
